0,0.025711,4.1536,0.10675,22.741298,-0.002624,22.552889
1.000739,-7.0389,3.9246,-27.623,22.763729,-0.002625,22.545499
1.998312,-6.959,3.9181,-27.265,22.729437,-0.002623,22.549075
2.998387,-6.9916,3.9105,-27.338,22.774592,-0.002623,22.562046
3.997283,-7.0374,3.9016,-27.454,22.759942,-0.00262,22.546446
4.999439,-7.0229,3.8975,-27.368,22.770806,-0.002619,22.555891
6.000419,-6.9984,3.8935,-27.246,22.772014,-0.002618,22.550472
6.999825,-7.0372,3.888,-27.358,22.797571,-0.002615,22.540526
8.004359,-7.029,3.8849,-27.303,22.80742,-0.002618,22.547537
8.999821,-7.0447,3.8811,-27.339,22.812197,-0.002614,22.54332
10.001219,-7.0102,3.8771,-27.177,22.841995,-0.002612,22.567918
11.003366,-7.0115,3.8751,-27.167,22.844338,-0.002613,22.535228
12.004536,-6.9847,3.8706,-27.033,22.873162,-0.00261,22.551278
13.0019,-7.015,3.8683,-27.135,22.864526,-0.002609,22.546899
14.001781,-7.0085,3.8641,-27.079,22.888425,-0.002609,22.550448
15.00294,-6.9841,3.8643,-26.986,22.926995,-0.002606,22.546896
16.007556,-6.9535,3.8614,-26.848,22.949074,-0.002606,22.534422
17.00196,-6.996,3.858,-26.988,22.933222,-0.002605,22.552651
18.007808,-7.0006,3.855,-26.986,22.955868,-0.002603,22.553527
19.004882,-7.0052,3.8505,-26.972,23.002696,-0.002601,22.564393
20.004928,-6.9955,3.8501,-26.931,22.983461,-0.002602,22.540416
21.009158,-7.0077,3.8483,-26.966,23.019447,-0.002597,22.532861
22.006175,-6.9663,3.8458,-26.79,23.054965,-0.002602,22.56082
23.00448,-7.0266,3.8429,-27,23.068259,-0.0026,22.544767
24.004103,-7.0413,3.8398,-27.034,23.097953,-0.002599,22.556012
25.003501,-6.9887,3.8377,-26.819,23.125187,-0.002598,22.524081
26.003749,-7.0084,3.8382,-26.898,23.126012,-0.002599,22.545264
27.005615,-7.0105,3.8364,-26.893,23.146289,-0.002597,22.545194
28.003243,-6.9767,3.8365,-26.764,23.17889,-0.002595,22.565031
29.003658,-7.02,3.8334,-26.908,23.18828,-0.002594,22.535604
30.004063,-6.9905,3.8325,-26.79,23.22585,-0.002591,22.551892
31.006717,-6.9832,3.83,-26.743,23.224833,-0.002592,22.534778
32.005233,-7.0068,3.8283,-26.822,23.255657,-0.00259,22.553312
33.006279,-6.9592,3.8288,-26.641,23.294598,-0.002589,22.544462
34.006325,-7.0255,3.8265,-26.881,23.321608,-0.002591,22.543085
35.006224,-7.0129,3.8232,-26.81,23.354463,-0.002588,22.541876
36.009901,-6.9644,3.8261,-26.644,23.336415,-0.002587,22.54512
37.007786,-7.0586,3.8213,-26.971,23.407803,-0.002589,22.537024
38.008095,-6.9923,3.8222,-26.723,23.399976,-0.002584,22.55665
39.00738,-6.9649,3.8208,-26.607,23.444135,-0.002583,22.540244
40.007827,-6.99,3.8184,-26.689,23.445198,-0.002587,22.534681
41.009963,-6.9515,3.8195,-26.55,23.466724,-0.002586,22.565219
42.007773,-6.9966,3.8157,-26.695,23.487842,-0.002584,22.553215
43.012733,-6.9809,3.8174,-26.647,23.514073,-0.002584,22.557691
44.011185,-7.0219,3.8138,-26.777,23.549761,-0.002586,22.556482
45.010445,-7.025,3.8129,-26.784,23.561042,-0.002581,22.544102
46.015513,-6.9839,3.8136,-26.632,23.594672,-0.002583,22.545096
47.013734,-7.046,3.8103,-26.844,23.628327,-0.002585,22.54659
48.015439,-7.0276,3.8105,-26.776,23.649892,-0.002582,22.5535
49.015617,-7.0071,3.8093,-26.69,23.679806,-0.002584,22.541309
50.013386,-7.0036,3.8097,-26.679,23.692243,-0.002582,22.551392
51.014401,-7.0284,3.8071,-26.756,23.736414,-0.002579,22.526488
52.015227,-7.0114,3.807,-26.69,23.737997,-0.002577,22.549377
53.013114,-6.9599,3.8081,-26.502,23.775408,-0.002576,22.545167
54.013844,-6.9733,3.8067,-26.544,23.813803,-0.002578,22.554252
55.014285,-6.9814,3.8067,-26.573,23.811888,-0.002576,22.547128
56.015067,-7.0361,3.8048,-26.769,23.841324,-0.002577,22.558134
57.018363,-7.0191,3.8025,-26.686,23.864331,-0.002576,22.556549
58.016199,-7.023,3.8033,-26.708,23.89178,-0.002575,22.557046
59.019285,-6.9854,3.8022,-26.557,23.909346,-0.002574,22.551435
60.016606,-6.9517,3.8027,-26.432,23.937646,-0.002575,22.561307
61.016221,-6.9752,3.8001,-26.504,23.979443,-0.002574,22.565282
62.019067,-7.0023,3.7989,-26.599,23.994452,-0.002576,22.556166
63.01765,-7.0005,3.7993,-26.596,24.008281,-0.002574,22.57096
64.017237,-7.0344,3.7975,-26.71,24.053646,-0.002572,22.546318
65.018402,-7.0084,3.7999,-26.63,24.075301,-0.00257,22.557113
66.019329,-7.0138,3.7966,-26.625,24.071753,-0.002574,22.570604
67.01989,-7.0343,3.7965,-26.702,24.097853,-0.002572,22.557446
68.021331,-6.9837,3.7962,-26.51,24.1534,-0.002571,22.562888
69.020605,-6.9849,3.7974,-26.521,24.196798,-0.002571,22.561847
70.021307,-6.99,3.7953,-26.525,24.191313,-0.002572,22.58902
71.021908,-6.9898,3.7933,-26.513,24.213648,-0.00257,22.564993
72.020688,-7.0127,3.7923,-26.592,24.250379,-0.002569,22.557278
73.023125,-6.9724,3.795,-26.457,24.281929,-0.002568,22.572306
74.020138,-6.9704,3.793,-26.437,24.313317,-0.002566,22.561136
75.020325,-6.985,3.7922,-26.487,24.318919,-0.002571,22.591364
76.021258,-7.0029,3.7927,-26.558,24.358177,-0.00257,22.57056
77.021076,-6.9861,3.7921,-26.489,24.379443,-0.002565,22.583813
78.022727,-7.012,3.7908,-26.579,24.375404,-0.002567,22.57882
79.02344,-7.0067,3.7891,-26.546,24.443439,-0.002568,22.583057
80.026033,-6.9766,3.7893,-26.434,24.466665,-0.002567,22.574129
81.02449,-6.9884,3.789,-26.477,24.47496,-0.002566,22.561609
82.023464,-7.0121,3.7871,-26.554,24.494052,-0.002563,22.576
83.026031,-7.0199,3.7867,-26.58,24.524395,-0.002568,22.577991
84.023173,-6.9736,3.7881,-26.415,24.573188,-0.002566,22.571007
85.023629,-6.9899,3.785,-26.456,24.576355,-0.002567,22.548615
86.024778,-7.0509,3.784,-26.679,24.609859,-0.002566,22.558983
87.025477,-6.9829,3.7868,-26.44,24.624036,-0.002567,22.560404
88.029403,-7.013,3.7843,-26.537,24.642465,-0.002566,22.57792
89.028108,-6.9789,3.7849,-26.412,24.673062,-0.002567,22.570228
90.03034,-6.9855,3.7842,-26.432,24.700799,-0.002566,22.569614
91.027962,-6.987,3.7835,-26.433,24.73678,-0.002566,22.585307
92.027355,-6.9873,3.7837,-26.435,24.735198,-0.002567,22.566206
93.030547,-7.0149,3.7832,-26.536,24.774317,-0.002564,22.565635
94.028386,-6.9994,3.7834,-26.481,24.786742,-0.002566,22.569563
95.028099,-7.0196,3.7813,-26.541,24.799854,-0.002565,22.550509
96.02746,-7.0276,3.7796,-26.56,24.866848,-0.002564,22.586868
97.026823,-6.9411,3.782,-26.25,24.861819,-0.002563,22.569046
98.028898,-6.9892,3.7801,-26.418,24.8938,-0.002564,22.575056
99.031961,-7.0109,3.7783,-26.487,24.937145,-0.002562,22.563577
100.030748,-6.9991,3.7794,-26.45,24.943665,-0.002561,22.587627
101.035663,-6.9864,3.7798,-26.405,24.991326,-0.002559,22.571954
102.030285,-6.9848,3.7785,-26.39,24.993313,-0.00256,22.581993
103.030952,-7.0169,3.7775,-26.504,25.023073,-0.00256,22.569211
104.033856,-7.0015,3.7768,-26.441,25.061213,-0.002558,22.576664
105.029998,-7.0203,3.7761,-26.508,25.095225,-0.002561,22.563885
106.031231,-7,3.7761,-26.429,25.111167,-0.00256,22.581284
107.032011,-7.0163,3.7759,-26.49,25.129374,-0.00256,22.576809
108.029884,-6.9415,3.7773,-26.218,25.158825,-0.002562,22.576503
109.03274,-7.0182,3.7737,-26.482,25.186078,-0.002559,22.587724
110.03878,-6.9729,3.7753,-26.324,25.189407,-0.002562,22.568338
111.033473,-6.9823,3.7741,-26.35,25.231062,-0.002558,22.565118
112.032692,-7.0285,3.7741,-26.524,25.251511,-0.002559,22.576147
113.032118,-6.9677,3.7749,-26.299,25.272598,-0.002558,22.582137
114.032568,-6.9818,3.7726,-26.338,25.307595,-0.00256,22.571773
115.035771,-7.0112,3.7724,-26.446,25.326696,-0.002558,22.590447
116.031371,-7.011,3.7725,-26.447,25.36575,-0.002556,22.558114
117.032395,-6.9753,3.7723,-26.311,25.37857,-0.002558,22.583749
118.031956,-6.9734,3.771,-26.295,25.385821,-0.002556,22.597172
119.032694,-7.0423,3.769,-26.539,25.438731,-0.002558,22.565477
120.031857,-7.0219,3.77,-26.47,25.464962,-0.002557,22.595091
121.032231,-7.0467,3.769,-26.557,25.484227,-0.002555,22.578901
122.032737,-6.9738,3.7689,-26.282,25.53456,-0.002556,22.580133
123.033975,-6.948,3.7708,-26.199,25.528473,-0.002555,22.556986
124.034333,-7.0091,3.7675,-26.406,25.575121,-0.002555,22.572041
125.03713,-7.0218,3.7654,-26.437,25.599339,-0.002556,22.584491
126.036137,-7.0416,3.7668,-26.522,25.605973,-0.002555,22.582148
127.035678,-6.9916,3.7669,-26.334,25.622262,-0.002555,22.578599
128.036899,-6.9467,3.7685,-26.176,25.656441,-0.002555,22.583521
129.039712,-7.0214,3.7658,-26.438,25.668953,-0.002555,22.578078
130.040451,-6.9794,3.7663,-26.284,25.732565,-0.002553,22.602578
131.038985,-7.0358,3.7632,-26.476,25.753948,-0.002555,22.577155
132.040283,-7.0048,3.7639,-26.363,25.765113,-0.002554,22.591193
133.038846,-6.9839,3.7636,-26.282,25.782134,-0.002553,22.597847
134.03992,-6.9597,3.7653,-26.204,25.814868,-0.002554,22.587597
135.044482,-7.0015,3.7632,-26.346,25.85532,-0.002553,22.57278
136.040619,-6.9916,3.7617,-26.298,25.848947,-0.002555,22.590531
137.044399,-7.0051,3.762,-26.35,25.891356,-0.002552,22.595195
138.039432,-6.9983,3.7633,-26.333,25.913442,-0.002552,22.580422
139.039137,-6.996,3.761,-26.311,25.95125,-0.002551,22.575738
140.042553,-6.9534,3.7614,-26.152,25.94955,-0.00255,22.576399
141.040682,-7.0297,3.7575,-26.412,25.980157,-0.002551,22.595265
142.041397,-7.01,3.7588,-26.345,26.029312,-0.002551,22.590132
143.041313,-6.981,3.7601,-26.247,26.039761,-0.002551,22.596353
144.0416,-7.0021,3.7581,-26.313,26.074593,-0.002552,22.60147
145.045793,-7.0029,3.759,-26.322,26.090423,-0.002549,22.581372
146.041706,-7.0115,3.758,-26.348,26.129239,-0.00255,22.594275
147.044673,-6.9973,3.7572,-26.289,26.165286,-0.002554,22.589252
148.04415,-7.0294,3.7559,-26.401,26.16963,-0.002552,22.586982
149.043386,-6.9895,3.7572,-26.258,26.195204,-0.002552,22.602699
150.045467,-6.9934,3.7562,-26.267,26.223257,-0.002552,22.590132
151.045629,-6.9966,3.756,-26.278,26.25225,-0.002551,22.605492
152.047092,-6.996,3.7548,-26.266,26.267278,-0.002553,22.601635
153.044179,-6.9694,3.7549,-26.168,26.312268,-0.002549,22.615058
154.045818,-6.9961,3.7553,-26.27,26.334064,-0.00255,22.59953
155.049397,-7.0066,3.7537,-26.297,26.352511,-0.002552,22.592002
156.04487,-6.9825,3.754,-26.21,26.393512,-0.002553,22.611841
157.044849,-7.0449,3.7528,-26.436,26.403178,-0.002552,22.604499
158.044467,-6.9953,3.7531,-26.252,26.43847,-0.00255,22.583578
159.04359,-7.0295,3.7514,-26.367,26.457293,-0.002548,22.586371
160.04421,-6.9986,3.7525,-26.259,26.489581,-0.002551,22.608833
161.047744,-7.0278,3.7514,-26.361,26.516161,-0.002549,22.595742
162.045791,-6.9633,3.7536,-26.135,26.515432,-0.00255,22.575127
163.045418,-7.0004,3.7512,-26.257,26.547438,-0.002549,22.620977
164.046219,-6.9542,3.7516,-26.087,26.578429,-0.002548,22.622256
165.049114,-7.0027,3.7504,-26.262,26.593001,-0.002551,22.603743
166.051857,-7.0005,3.7502,-26.252,26.635549,-0.002547,22.609995
167.047896,-6.9886,3.7494,-26.201,26.644744,-0.002546,22.612597
168.05046,-7.0018,3.7485,-26.245,26.671511,-0.002549,22.59449
169.05028,-7.0194,3.7486,-26.312,26.697241,-0.002545,22.594752
170.050859,-6.9914,3.7473,-26.197,26.730442,-0.002547,22.596834
171.050064,-7.0087,3.7482,-26.268,26.776258,-0.002546,22.589803
172.05026,-6.9473,3.749,-26.042,26.792667,-0.002549,22.602961
173.050534,-7.0231,3.747,-26.313,26.808965,-0.002546,22.597545
174.04977,-7.0123,3.7465,-26.27,26.843317,-0.002548,22.58753
175.049976,-6.9747,3.7477,-26.138,26.864915,-0.002547,22.602585
176.050031,-7.0163,3.744,-26.268,26.885309,-0.002545,22.603649
177.052482,-7.0019,3.7457,-26.224,26.928454,-0.002545,22.597256
178.053493,-7.0288,3.7434,-26.309,26.95321,-0.002547,22.603649
179.054242,-6.9692,3.746,-26.104,26.974452,-0.002547,22.612667
180.051056,-6.9855,3.7445,-26.155,26.984073,-0.002543,22.589188
181.052746,-7.0152,3.743,-26.255,27.017359,-0.002548,22.619295
182.055382,-7.0097,3.7432,-26.237,27.04942,-0.002547,22.624502
183.051847,-7.0038,3.7417,-26.204,27.062217,-0.002547,22.612734
184.052595,-7.0175,3.7429,-26.263,27.11486,-0.002548,22.61494
185.051403,-6.9802,3.7416,-26.115,27.113656,-0.002546,22.605684
186.055213,-7.0047,3.7426,-26.214,27.14529,-0.002547,22.619459
187.057539,-6.9738,3.7423,-26.096,27.177628,-0.002548,22.591811
188.052324,-6.967,3.7409,-26.06,27.206243,-0.002543,22.609659
189.05431,-6.9903,3.7426,-26.159,27.23429,-0.002545,22.617942
190.05355,-6.9905,3.7408,-26.149,27.252344,-0.002546,22.610508
191.052585,-7.0164,3.7399,-26.239,27.278032,-0.002544,22.623052
192.057134,-7.0144,3.7382,-26.219,27.287226,-0.002546,22.610982
193.053521,-6.999,3.7374,-26.156,27.326583,-0.002545,22.61027
194.057748,-6.9765,3.74,-26.091,27.341783,-0.002544,22.599499
195.055092,-6.9973,3.7387,-26.159,27.382295,-0.002545,22.611311
196.05425,-6.9752,3.739,-26.076,27.409936,-0.002544,22.61209
197.057359,-6.9972,3.7384,-26.156,27.43414,-0.002544,22.617465
198.0563,-7,3.7371,-26.158,27.449052,-0.002543,22.626762
199.057715,-6.9888,3.7382,-26.122,27.503253,-0.002545,22.61067
200.053741,-6.9983,3.7369,-26.15,27.494934,-0.002546,22.618408
201.056633,-7.0073,3.7351,-26.171,27.52679,-0.002549,22.616323
202.062119,-7.0134,3.7372,-26.208,27.556383,-0.002546,22.610072
203.058254,-6.9364,3.7364,-25.914,27.566329,-0.002548,22.619117
204.060577,-6.9972,3.7346,-26.13,27.613403,-0.002547,22.600604
205.057325,-7.0086,3.734,-26.167,27.636543,-0.002547,22.615803
206.058208,-7.002,3.7351,-26.15,27.665969,-0.002546,22.602759
207.061738,-7.0117,3.7336,-26.177,27.679396,-0.002543,22.641813
208.060841,-7.0273,3.7327,-26.229,27.727076,-0.002544,22.605452
209.060574,-6.9962,3.7336,-26.118,27.736617,-0.002546,22.637287
210.058234,-6.9649,3.7323,-25.993,27.779941,-0.002545,22.616908
211.060102,-7.0158,3.7316,-26.179,27.817469,-0.002545,22.626684
212.057981,-6.9482,3.7323,-25.931,27.82338,-0.002548,22.618895
213.061227,-7.0285,3.731,-26.221,27.839916,-0.002544,22.632671
214.059307,-6.995,3.7317,-26.101,27.871718,-0.002546,22.615867
215.06324,-7.0121,3.7299,-26.152,27.899086,-0.00255,22.616857
216.060109,-6.996,3.7321,-26.108,27.905401,-0.002547,22.626043
217.059765,-7.0297,3.7292,-26.213,27.945727,-0.002544,22.6126
218.062737,-6.998,3.7298,-26.1,27.965088,-0.002546,22.603652
219.059811,-7.0093,3.7278,-26.128,27.990195,-0.002545,22.63125
220.059706,-7.0121,3.7279,-26.139,28.024251,-0.002547,22.634232
221.059234,-6.9918,3.7278,-26.062,28.056937,-0.002547,22.63347
222.062886,-7.0035,3.7262,-26.095,28.061343,-0.002546,22.636478
223.061584,-6.9664,3.7288,-25.974,28.10456,-0.002547,22.621212
224.064151,-7.0411,3.7263,-26.235,28.132911,-0.002547,22.631717
225.061629,-7.0055,3.7266,-26.104,28.161504,-0.002547,22.636313
226.061271,-7.0137,3.7248,-26.124,28.183523,-0.002546,22.625781
227.066142,-7.0397,3.7245,-26.217,28.208361,-0.002548,22.645066
228.064373,-6.9792,3.7254,-25.996,28.220275,-0.00255,22.624851
229.066349,-6.9941,3.7239,-26.044,28.260827,-0.002546,22.632949
230.067022,-6.9546,3.7266,-25.915,28.271869,-0.002549,22.634581
231.065762,-7.0181,3.7241,-26.133,28.298124,-0.002551,22.638724
232.066548,-7.0166,3.7247,-26.13,28.32485,-0.00255,22.635766
233.067047,-7.026,3.724,-26.163,28.344488,-0.002549,22.620003
234.071567,-6.9915,3.724,-26.035,28.388982,-0.002548,22.625442
235.068295,-7.0086,3.7237,-26.094,28.397485,-0.002547,22.620262
236.066385,-6.9767,3.7226,-25.97,28.431478,-0.00255,22.635501
237.068995,-7.0115,3.7215,-26.093,28.465146,-0.002547,22.626745
238.067651,-7.017,3.7216,-26.113,28.478022,-0.002547,22.638744
239.066267,-6.9769,3.7207,-25.957,28.508463,-0.002549,22.639526
240.068458,-6.9683,3.7211,-25.926,28.524421,-0.002549,22.638529
241.070391,-6.9777,3.7199,-25.955,28.544717,-0.00255,22.64
242.069683,-7.0128,3.7191,-26.08,28.588311,-0.002551,22.6275
243.069618,-6.9999,3.7202,-26.04,28.602438,-0.00255,22.659221
244.07163,-7.0037,3.7191,-26.046,28.633203,-0.002549,22.651811
245.072804,-6.9909,3.7185,-25.992,28.64577,-0.002551,22.619002
246.0704,-6.9905,3.7191,-25.996,28.689714,-0.002549,22.639996
247.072026,-7.0084,3.7159,-26.04,28.697931,-0.002553,22.617488
248.068958,-6.9788,3.7175,-25.942,28.750066,-0.00255,22.650508
249.068597,-7.0037,3.7168,-26.029,28.764728,-0.002551,22.656259
250.071603,-6.9675,3.7176,-25.899,28.794169,-0.00255,22.664092
251.071189,-6.9596,3.7168,-25.865,28.806174,-0.002549,22.640188
252.073267,-7.015,3.7134,-26.048,28.837173,-0.002551,22.646748
253.070895,-7.0022,3.7148,-26.009,28.843946,-0.00255,22.649773
254.073243,-7.0009,3.715,-26.005,28.886947,-0.002549,22.649944
255.075132,-6.9848,3.7158,-25.953,28.917747,-0.002551,22.629797
256.073757,-6.9781,3.7142,-25.914,28.921445,-0.002549,22.627836
257.075107,-7.0013,3.714,-26.001,28.948602,-0.002551,22.626275
258.077342,-7.0128,3.7128,-26.034,28.991286,-0.002551,22.628497
259.074087,-7.0358,3.7124,-26.117,29.039104,-0.002549,22.66571
260.077591,-6.9781,3.7119,-25.9,29.03623,-0.002551,22.623055
261.072939,-6.9829,3.7119,-25.917,29.066234,-0.002552,22.663179
262.074914,-7.0188,3.7108,-26.043,29.113762,-0.002554,22.644717
263.077484,-7.0028,3.7098,-25.977,29.111623,-0.002553,22.647772
264.078284,-7.0018,3.7113,-25.984,29.130632,-0.002555,22.655534
265.082082,-7.0501,3.7075,-26.136,29.161785,-0.00255,22.651371
266.077776,-6.9768,3.7108,-25.886,29.193051,-0.002551,22.650636
267.079209,-6.9783,3.7102,-25.888,29.210767,-0.002549,22.661833
268.078373,-7.0243,3.7089,-26.051,29.230979,-0.002551,22.652818
269.08029,-6.9828,3.708,-25.891,29.255562,-0.00255,22.653409
270.080113,-7.0108,3.7074,-25.989,29.303882,-0.002553,22.653268
271.083428,-7.0125,3.7084,-26.004,29.314586,-0.002552,22.666879
272.082155,-6.9997,3.7063,-25.941,29.34157,-0.002552,22.657579
273.081269,-7.0217,3.7051,-26.015,29.361729,-0.00255,22.647567
274.08301,-6.9567,3.7058,-25.777,29.394544,-0.002554,22.663545
275.083545,-6.9851,3.7065,-25.889,29.440976,-0.002552,22.643995
276.085216,-6.9747,3.7049,-25.837,29.449183,-0.002553,22.656988
277.083671,-6.9563,3.7063,-25.778,29.478845,-0.002551,22.639973
278.084687,-6.9751,3.7029,-25.826,29.483269,-0.002551,22.655313
279.084781,-7.0015,3.7044,-25.934,29.517114,-0.00255,22.66523
280.084683,-6.9987,3.7024,-25.91,29.54155,-0.002549,22.66
281.090131,-6.9878,3.702,-25.866,29.568831,-0.00255,22.662367
282.08587,-6.9952,3.7011,-25.887,29.586845,-0.002551,22.650673
283.085146,-6.9853,3.7007,-25.849,29.61749,-0.002552,22.654061
284.086442,-6.9847,3.7005,-25.845,29.611843,-0.00255,22.64743
285.087545,-6.9586,3.6996,-25.743,29.661441,-0.002552,22.664687
286.089725,-7.0429,3.6963,-26.03,29.692602,-0.00255,22.661967
287.088233,-6.9817,3.6993,-25.825,29.726273,-0.002552,22.649941
288.092325,-6.9908,3.6981,-25.851,29.753596,-0.002551,22.658036
289.088429,-7.0369,3.6956,-26.004,29.761144,-0.00255,22.655219
290.088461,-7.0105,3.6959,-25.908,29.769091,-0.00255,22.657065
291.092563,-7.0168,3.6958,-25.931,29.820019,-0.002554,22.673775
292.08756,-7.0203,3.6945,-25.933,29.827217,-0.002549,22.644569
293.08873,-6.98,3.6975,-25.806,29.862551,-0.002549,22.667359
294.089143,-7.0025,3.694,-25.864,29.892785,-0.002552,22.669867
295.089255,-6.9623,3.6966,-25.736,29.887329,-0.002553,22.664848
296.090638,-6.9721,3.6943,-25.755,29.909409,-0.002555,22.645419
297.094932,-7.0151,3.6919,-25.898,29.939595,-0.002553,22.668709
298.089003,-7.0025,3.6919,-25.851,29.961131,-0.002556,22.662461
299.088735,-6.9869,3.6913,-25.789,30.016584,-0.002553,22.674742
300.091566,-6.9609,3.6921,-25.699,30.043386,-0.002552,22.656757
301.090933,-6.9687,3.6926,-25.731,30.038495,-0.002552,22.670767
302.093614,-6.9728,3.6912,-25.736,30.060662,-0.002553,22.659476
303.089175,-7.0165,3.6891,-25.883,30.084612,-0.002554,22.67365
304.092193,-6.994,3.6891,-25.8,30.11536,-0.002553,22.678576
305.091074,-7.0031,3.6882,-25.826,30.138939,-0.002554,22.664921
306.091037,-6.9752,3.6871,-25.716,30.137455,-0.002552,22.672895
307.0919,-6.969,3.6887,-25.704,30.184064,-0.002551,22.675332
308.091661,-6.9889,3.6862,-25.76,30.189822,-0.002549,22.67261
309.09627,-6.9896,3.6852,-25.755,30.24031,-0.002548,22.669487
310.09412,-6.9952,3.6849,-25.773,30.249878,-0.002551,22.676756
311.093581,-6.9763,3.6857,-25.71,30.272317,-0.002551,22.668584
312.098641,-7.0193,3.6826,-25.845,30.26854,-0.002547,22.670934
313.094011,-7.06,3.682,-25.992,30.339511,-0.002549,22.682292
314.09386,-6.9947,3.6833,-25.763,30.345974,-0.00255,22.689748
315.093861,-7.019,3.6812,-25.838,30.370558,-0.002551,22.672378
316.098393,-7.0136,3.6809,-25.815,30.401714,-0.00255,22.677249
317.095533,-6.9874,3.6819,-25.724,30.427187,-0.002552,22.669769
318.095232,-7.0103,3.6811,-25.803,30.43887,-0.002553,22.682957
319.094399,-7.0151,3.6781,-25.801,30.462861,-0.00255,22.6773
320.094718,-7.0049,3.6796,-25.773,30.47555,-0.002551,22.666412
321.095204,-6.9821,3.6782,-25.679,30.493101,-0.002548,22.689299
322.093985,-6.9962,3.6778,-25.729,30.523058,-0.00255,22.67261
323.095931,-6.9898,3.6781,-25.708,30.54825,-0.002549,22.666745
324.099493,-6.992,3.6769,-25.707,30.5701,-0.002553,22.689701
325.093739,-6.9741,3.676,-25.635,30.592659,-0.002551,22.664616
326.095714,-6.9917,3.6752,-25.694,30.614744,-0.002549,22.689231
327.098023,-7.0001,3.6731,-25.71,30.635159,-0.00255,22.688496
328.095366,-6.9982,3.6724,-25.698,30.652995,-0.002549,22.679955
329.097011,-7.0291,3.6709,-25.8,30.683839,-0.002549,22.686415
330.099128,-7.0248,3.6707,-25.784,30.701817,-0.00255,22.680385
331.098419,-6.9787,3.6717,-25.623,30.73407,-0.002546,22.686371
332.098452,-7.0351,3.6705,-25.821,30.751854,-0.002548,22.686301
333.102958,-7.0069,3.6685,-25.702,30.767028,-0.002547,22.685022
334.09824,-6.9866,3.6696,-25.635,30.784648,-0.002546,22.681946
335.097938,-6.9867,3.6694,-25.634,30.794938,-0.002548,22.695627
336.098153,-7.0076,3.6663,-25.69,30.830693,-0.002547,22.688104
337.09857,-6.981,3.6687,-25.609,30.854112,-0.002544,22.667678
338.099957,-7.016,3.6639,-25.703,30.85188,-0.002548,22.689097
339.099378,-7.0263,3.6646,-25.747,30.889792,-0.002547,22.680909
340.1033,-7.0374,3.6638,-25.782,30.903789,-0.002544,22.677971
341.102593,-7.0318,3.6633,-25.758,30.931361,-0.002545,22.681141
342.103003,-6.9718,3.6638,-25.54,30.96462,-0.002544,22.697615
343.105674,-7.015,3.6626,-25.691,30.967745,-0.002545,22.686563
344.105247,-6.974,3.6633,-25.546,30.99896,-0.002544,22.693878
345.104588,-7.0022,3.6619,-25.64,31.032943,-0.002543,22.674161
346.102947,-6.9769,3.6636,-25.559,31.053659,-0.002545,22.701193
347.100642,-7.0052,3.6612,-25.645,31.05725,-0.002544,22.690611
348.103297,-7.0226,3.658,-25.687,31.087031,-0.002543,22.692223
349.106307,-7.0266,3.6581,-25.702,31.112157,-0.002538,22.700979
350.104294,-6.9593,3.6589,-25.461,31.11782,-0.002543,22.711419
351.105557,-6.9977,3.6572,-25.591,31.153207,-0.002543,22.715844
352.104785,-7.0015,3.6562,-25.596,31.173236,-0.00254,22.696268
353.106755,-7.0135,3.6549,-25.631,31.203599,-0.002542,22.698471
354.111662,-6.9586,3.6553,-25.434,31.187282,-0.002542,22.702852
355.107019,-6.9947,3.6541,-25.557,31.211796,-0.002541,22.66697
356.106848,-6.9868,3.6534,-25.524,31.249835,-0.002542,22.703419
357.106254,-6.9746,3.6539,-25.482,31.24803,-0.002541,22.695446
358.104732,-6.9963,3.6515,-25.546,31.273199,-0.002539,22.689574
359.111777,-6.9811,3.6513,-25.488,31.306163,-0.002539,22.700082
360.108699,-6.981,3.6507,-25.483,31.313347,-0.002538,22.704483
361.110529,-7.0386,3.6477,-25.672,31.336243,-0.00254,22.690168
362.108211,-7.0205,3.6485,-25.613,31.34338,-0.002542,22.701623
363.110261,-7.0104,3.6481,-25.573,31.360537,-0.002537,22.692411
364.115795,-6.9926,3.6477,-25.504,31.389183,-0.002538,22.693834
365.110107,-7.0033,3.6472,-25.541,31.413273,-0.002538,22.689719
366.112102,-6.955,3.6471,-25.364,31.44325,-0.002533,22.692011
367.112709,-7.0024,3.6466,-25.534,31.453086,-0.002539,22.682994
368.111294,-7.0169,3.6457,-25.58,31.486512,-0.002539,22.699652
369.111232,-6.9875,3.6449,-25.465,31.492662,-0.002534,22.701593
370.114982,-7.0029,3.6437,-25.515,31.526582,-0.002535,22.69319
371.112958,-7.0131,3.6433,-25.549,31.535925,-0.002537,22.715864
372.112008,-6.9841,3.643,-25.441,31.545951,-0.002535,22.710825
373.114317,-6.9661,3.6411,-25.362,31.567004,-0.002538,22.693237
374.116254,-6.9904,3.6414,-25.453,31.584797,-0.002537,22.713071
375.118319,-7.001,3.6409,-25.487,31.609348,-0.002534,22.729306
376.11483,-7.0193,3.6399,-25.547,31.632561,-0.002539,22.716737
377.115396,-7.053,3.637,-25.65,31.651948,-0.002534,22.703151
378.115129,-7.0457,3.6373,-25.626,31.671777,-0.002538,22.711785
379.114842,-6.9745,3.6375,-25.367,31.705997,-0.00254,22.710791
380.113383,-7.0053,3.6362,-25.471,31.7013,-0.002535,22.717415
381.117454,-7.0123,3.6356,-25.491,31.731105,-0.002534,22.728064
382.115721,-6.9911,3.6351,-25.412,31.754478,-0.002534,22.706665
383.112027,-7.0125,3.6343,-25.482,31.776073,-0.002537,22.718976
384.114091,-6.9703,3.6357,-25.341,31.79088,-0.002534,22.692253
385.115204,-6.9935,3.6328,-25.402,31.802498,-0.002532,22.722904
386.117086,-6.9676,3.6336,-25.315,31.825962,-0.002535,22.703019
387.117225,-6.9965,3.6335,-25.42,31.826029,-0.002534,22.725808
388.119236,-7.015,3.6313,-25.471,31.848088,-0.002537,22.717287
389.119414,-6.9766,3.6308,-25.33,31.891713,-0.00253,22.711584
390.118265,-6.9838,3.6299,-25.349,31.912995,-0.002533,22.708908
391.11959,-7.0088,3.6292,-25.433,31.909311,-0.002533,22.720339
392.117081,-7.0183,3.6271,-25.453,31.917243,-0.00253,22.698044
393.118244,-6.9495,3.6296,-25.222,31.950304,-0.00253,22.723817
394.117744,-7.0127,3.626,-25.426,31.97466,-0.002529,22.725663
395.118064,-6.98,3.6279,-25.321,31.975386,-0.002532,22.706514
396.117103,-6.9944,3.6265,-25.365,32.008845,-0.002532,22.72843
397.12219,-7.0041,3.6259,-25.394,32.048496,-0.002532,22.691269
398.121669,-6.9748,3.625,-25.281,32.027495,-0.002534,22.715055
399.122038,-7.0267,3.6232,-25.457,32.077872,-0.002532,22.72185
400.120274,-7.0025,3.6231,-25.369,32.080148,-0.002532,22.727459
401.121826,-6.9548,3.622,-25.187,32.096665,-0.002531,22.710039
402.121911,-7.0255,3.6215,-25.44,32.127165,-0.00253,22.738914
403.122778,-6.9882,3.6198,-25.293,32.144689,-0.00253,22.721564
404.123241,-7.0207,3.6205,-25.417,32.164652,-0.002532,22.725136
405.121577,-7.0237,3.6199,-25.423,32.20085,-0.002529,22.71574
406.131005,-7.0027,3.6194,-25.344,32.178402,-0.00253,22.729067
407.122392,-6.9866,3.6195,-25.285,32.222645,-0.002531,22.726842
408.123277,-7.0161,3.6167,-25.373,32.230478,-0.002529,22.71013
409.126405,-6.9882,3.6184,-25.283,32.24408,-0.00253,22.739001
410.123954,-6.9788,3.6186,-25.253,32.272982,-0.002527,22.717512
411.127184,-6.9801,3.6172,-25.247,32.28922,-0.002528,22.741468
412.128874,-6.9678,3.6162,-25.195,32.304299,-0.00253,22.720235
413.122473,-7.032,3.6145,-25.415,32.314949,-0.002529,22.741868
414.124468,-6.9826,3.6159,-25.246,32.346358,-0.002528,22.733324
415.125543,-6.9981,3.6142,-25.29,32.35921,-0.002528,22.733039
416.125222,-7.0165,3.6138,-25.354,32.380789,-0.002527,22.725939
417.129145,-6.9705,3.6128,-25.18,32.388082,-0.00253,22.726197
418.125422,-6.9861,3.6113,-25.227,32.412615,-0.002525,22.722078
419.129862,-7.0331,3.6099,-25.387,32.440617,-0.002527,22.735187
420.122792,-6.9933,3.6108,-25.25,32.444816,-0.002526,22.724277
421.127559,-6.9583,3.6118,-25.129,32.481496,-0.002529,22.737625
422.130288,-7.0105,3.6076,-25.289,32.487734,-0.002525,22.740132
423.127441,-7.0043,3.6078,-25.267,32.504923,-0.002524,22.741384
424.125963,-6.9886,3.6096,-25.224,32.517637,-0.002524,22.740488
425.125567,-6.9764,3.607,-25.162,32.555439,-0.002523,22.719943
426.127841,-6.9997,3.6073,-25.249,32.566413,-0.002524,22.746638
427.128585,-7.0423,3.6052,-25.387,32.595423,-0.002523,22.739468
428.127855,-6.9872,3.6052,-25.188,32.586438,-0.002523,22.719986
429.129764,-7.0295,3.6042,-25.334,32.600838,-0.00252,22.736413
430.133246,-7.0047,3.6052,-25.251,32.632494,-0.002518,22.735228
431.131454,-6.9833,3.6035,-25.162,32.645719,-0.00252,22.734375
432.134418,-7.0073,3.6023,-25.241,32.658615,-0.002517,22.757804
433.132157,-7.0457,3.6013,-25.371,32.680773,-0.002518,22.741828
434.133102,-7.0161,3.6013,-25.265,32.687571,-0.002515,22.739696
435.130569,-7.0101,3.5999,-25.234,32.694819,-0.002517,22.738964
436.131023,-6.9866,3.6007,-25.155,32.730743,-0.002521,22.741143
437.134126,-7.0323,3.5978,-25.299,32.723283,-0.002517,22.758227
438.134298,-7.021,3.5978,-25.259,32.738382,-0.002516,22.746961
439.132314,-7.0611,3.5966,-25.393,32.754346,-0.002519,22.726627
440.131202,-6.9852,3.5984,-25.134,32.782576,-0.002518,22.743288
441.132096,-6.9936,3.5973,-25.156,32.838024,-0.002517,22.751926
442.131731,-6.9808,3.5986,-25.12,32.83711,-0.002518,22.736329
443.13541,-7.01,3.5962,-25.207,32.85556,-0.002516,22.731286
444.128839,-7.0129,3.594,-25.203,32.866251,-0.00252,22.738293
445.133991,-7.0384,3.5935,-25.291,32.877528,-0.002517,22.743996
446.130691,-7.0161,3.5921,-25.201,32.885636,-0.002516,22.743661
447.130535,-6.9771,3.5931,-25.068,32.914074,-0.002516,22.75959
448.131075,-6.9738,3.5935,-25.059,32.943543,-0.002514,22.767093
449.131813,-7.0294,3.5917,-25.245,32.951793,-0.002515,22.740867
450.134166,-6.9983,3.5921,-25.136,32.94354,-0.002515,22.754782
451.131939,-7.0417,3.5904,-25.28,32.996849,-0.002513,22.763162
452.134737,-6.9804,3.5896,-25.054,32.999662,-0.002513,22.753221
453.131869,-7.0268,3.5898,-25.222,33.01239,-0.002514,22.748559
454.135998,-7.0064,3.5892,-25.146,33.040423,-0.002514,22.760768
455.133584,-6.9826,3.5894,-25.059,33.046401,-0.002512,22.73509
456.131668,-7.0172,3.5863,-25.163,33.07446,-0.002511,22.74354
457.133265,-7.0219,3.5861,-25.178,33.082685,-0.002515,22.731018
458.135385,-7.0346,3.5851,-25.217,33.11557,-0.00251,22.757596
459.136216,-7.0154,3.5858,-25.155,33.125086,-0.002511,22.762943
460.132575,-7.0255,3.5842,-25.179,33.129072,-0.002508,22.739515
461.131982,-7.0714,3.5831,-25.336,33.16022,-0.002507,22.75724
462.133261,-7.0299,3.5837,-25.19,33.175969,-0.00251,22.747582
463.133769,-6.9899,3.5833,-25.044,33.215084,-0.002508,22.74306
464.138561,-6.9826,3.5851,-25.031,33.208242,-0.002507,22.757451
465.135738,-7.0235,3.5827,-25.161,33.231912,-0.002511,22.764786
466.1367,-7,3.5825,-25.073,33.229755,-0.002507,22.746041
467.135372,-6.9756,3.5827,-24.988,33.25,-0.002505,22.735244
468.133779,-6.9385,3.5833,-24.862,33.286958,-0.002509,22.749374
469.133873,-6.9948,3.5822,-25.055,33.29971,-0.002505,22.757045
470.135524,-7.0002,3.5804,-25.061,33.317986,-0.002504,22.778815
471.138123,-7.0033,3.5794,-25.065,33.32947,-0.002509,22.77432
472.137929,-6.9944,3.5779,-25.024,33.34735,-0.002509,22.759244
473.137911,-7.0405,3.5759,-25.174,33.37214,-0.002506,22.752567
474.137599,-7.0297,3.5759,-25.135,33.38634,-0.002504,22.743714
475.139218,-6.9787,3.5763,-24.956,33.398432,-0.002505,22.776281
476.137749,-6.9867,3.5763,-24.985,33.421745,-0.002503,22.785153
477.141921,-6.9914,3.5762,-25.001,33.440986,-0.002503,22.760093
478.138787,-7.0109,3.575,-25.062,33.455254,-0.002504,22.773558
479.137421,-7.0145,3.5737,-25.066,33.474395,-0.002504,22.760231
480.14044,-7.0107,3.5734,-25.051,33.493702,-0.002504,22.770265
481.139586,-6.997,3.5731,-24.999,33.520316,-0.002501,22.766855
482.140375,-6.9833,3.5737,-24.954,33.503144,-0.0025,22.760396
483.13879,-7.0266,3.5716,-25.095,33.544357,-0.002501,22.770786
484.140543,-7.012,3.5712,-25.039,33.54337,-0.002504,22.757482
485.140601,-6.977,3.5712,-24.912,33.560615,-0.0025,22.788628
486.142344,-6.9842,3.5719,-24.946,33.583692,-0.002501,22.776439
487.140966,-7.0139,3.569,-25.029,33.599763,-0.002501,22.768533
488.140414,-7.006,3.5705,-25.013,33.617921,-0.0025,22.766522
489.140891,-6.9701,3.5687,-24.872,33.638677,-0.0025,22.76903
490.139608,-6.9717,3.5687,-24.875,33.643103,-0.002497,22.762141
491.143801,-6.9897,3.5685,-24.941,33.645543,-0.002499,22.780699
492.140771,-7.0568,3.5665,-25.166,33.701298,-0.002501,22.775965
493.143736,-6.9991,3.5665,-24.959,33.696424,-0.002501,22.791867
494.141626,-6.9426,3.5675,-24.764,33.716876,-0.002502,22.770403
495.140263,-7.0208,3.5667,-25.037,33.724419,-0.0025,22.783703
496.140924,-6.9879,3.5643,-24.906,33.764896,-0.0025,22.758804
497.140142,-7.0038,3.5655,-24.967,33.774383,-0.002499,22.777382
498.141202,-7.0047,3.5639,-24.962,33.786636,-0.002499,22.760416
499.140631,-6.9623,3.5644,-24.815,33.800924,-0.002499,22.773904
500.139905,-7.0143,3.563,-24.99,33.82046,-0.002498,22.747256
501.139026,-7.0524,3.5599,-25.104,33.851728,-0.0025,22.782162
502.141003,-7.0627,3.5588,-25.132,33.854239,-0.002498,22.75488
503.141253,-6.9818,3.5623,-24.869,33.890848,-0.002497,22.768677
504.140618,-7.019,3.5596,-24.983,33.893303,-0.002498,22.773052
505.1383,-6.9831,3.5609,-24.864,33.907008,-0.002496,22.793526
506.141409,-6.988,3.5582,-24.863,33.94912,-0.002495,22.773599
507.144202,-6.9895,3.559,-24.875,33.960923,-0.002497,22.772273
508.141659,-7.0534,3.5564,-25.083,33.979171,-0.002494,22.764206
509.141104,-6.9489,3.5593,-24.731,33.998372,-0.002497,22.766096
510.141208,-7.0179,3.5551,-24.948,34.003644,-0.002496,22.77237
511.143198,-7.0706,3.5561,-25.141,34.034135,-0.002495,22.770524
512.142545,-7.0005,3.5555,-24.888,34.031232,-0.002496,22.763803
513.143087,-7.0181,3.5552,-24.947,34.050226,-0.002496,22.768798
514.141251,-7.0004,3.5567,-24.896,34.088114,-0.002495,22.776321
515.142471,-7.0103,3.5536,-24.91,34.09219,-0.002492,22.7705
516.144412,-6.9706,3.554,-24.772,34.144342,-0.002493,22.779661
517.14305,-7.0168,3.551,-24.916,34.132447,-0.002493,22.779
518.146023,-7.0095,3.5529,-24.903,34.162374,-0.002494,22.774693
519.144018,-7,3.5509,-24.856,34.170618,-0.00249,22.769772
520.144347,-6.9958,3.5522,-24.849,34.192509,-0.00249,22.779591
521.148089,-7.0274,3.5508,-24.952,34.20876,-0.002493,22.78229
522.144831,-6.999,3.5499,-24.842,34.214426,-0.002489,22.783283
523.146857,-6.9616,3.5506,-24.714,34.236599,-0.00249,22.792915
524.145603,-7.0019,3.5505,-24.858,34.263225,-0.002491,22.760661
525.144475,-6.9763,3.5501,-24.764,34.279143,-0.00249,22.786691
526.146397,-7.0089,3.5487,-24.869,34.27999,-0.002495,22.790387
527.145346,-7.0167,3.5471,-24.886,34.317753,-0.002489,22.785486
528.146194,-7.0165,3.5459,-24.879,34.319696,-0.002487,22.781296
529.14861,-7.0435,3.5437,-24.957,34.334351,-0.00249,22.771024
530.150163,-7.0299,3.5446,-24.917,34.371438,-0.002488,22.769228
531.148194,-7.0401,3.5439,-24.948,34.382978,-0.002489,22.784207
532.148212,-7.0212,3.544,-24.881,34.376585,-0.002487,22.772065
533.148194,-7.0118,3.5442,-24.849,34.424745,-0.002489,22.780517
534.148198,-7.0114,3.5428,-24.837,34.423082,-0.002491,22.774576
535.148361,-6.9793,3.5432,-24.726,34.451523,-0.002487,22.794808
536.14759,-7.0048,3.5433,-24.818,34.466272,-0.002485,22.790786
537.149724,-6.9936,3.5441,-24.785,34.503866,-0.002487,22.772941
538.148905,-6.9751,3.5428,-24.71,34.516577,-0.002486,22.774905
539.151101,-6.9836,3.5411,-24.728,34.54202,-0.002485,22.803469
540.14979,-6.9811,3.54,-24.71,34.529848,-0.002487,22.794476
541.150158,-7.0049,3.5423,-24.809,34.566739,-0.002487,22.776395
542.152757,-7.0194,3.5384,-24.832,34.574369,-0.002487,22.776063
543.149479,-6.9784,3.539,-24.693,34.592341,-0.002487,22.784294
544.148782,-7.0244,3.5386,-24.855,34.632905,-0.002486,22.78271
545.149075,-6.9757,3.5371,-24.671,34.653994,-0.002484,22.793146
546.148645,-6.9777,3.5371,-24.68,34.648682,-0.002484,22.778782
547.149276,-7.0304,3.5356,-24.854,34.68519,-0.00248,22.797712
548.152394,-7.0279,3.5351,-24.842,34.687415,-0.002482,22.797594
549.149565,-6.9674,3.5377,-24.647,34.713229,-0.002481,22.793405
550.150653,-6.992,3.5344,-24.712,34.749175,-0.002482,22.81366
551.150619,-7.0111,3.5346,-24.78,34.729283,-0.002479,22.805852
552.150661,-7.0647,3.5327,-24.955,34.773328,-0.002479,22.809686
553.156925,-7.0015,3.5327,-24.732,34.780067,-0.00248,22.792834
554.1518,-7.008,3.5336,-24.761,34.810981,-0.00248,22.805637
555.153049,-6.9424,3.5338,-24.531,34.806254,-0.002479,22.818843
556.150594,-6.9854,3.5319,-24.67,34.825513,-0.002478,22.760694
557.153003,-7.0122,3.5322,-24.766,34.854554,-0.002481,22.798584
558.152996,-7.0061,3.5299,-24.729,34.866092,-0.002478,22.81404
559.15362,-7.0023,3.5288,-24.708,34.878941,-0.002477,22.787748
560.152798,-7.0327,3.5281,-24.81,34.920689,-0.002477,22.797785
561.154269,-7.0408,3.527,-24.83,34.924921,-0.002478,22.797806
562.15328,-7.0089,3.5261,-24.713,34.93047,-0.002478,22.792059
563.154146,-6.9709,3.5281,-24.592,34.951762,-0.002478,22.80176
564.155845,-7.0001,3.527,-24.688,34.972589,-0.00248,22.791112
565.154904,-6.9909,3.5276,-24.658,34.972705,-0.002473,22.78271
566.153337,-7.0125,3.5269,-24.731,35.006049,-0.002475,22.80271
567.155189,-7.0213,3.5257,-24.753,35.012717,-0.002477,22.797148
568.156462,-7.0249,3.5253,-24.763,35.044398,-0.002473,22.802213
569.158072,-7.0373,3.524,-24.796,35.046316,-0.002477,22.790427
570.154755,-6.9877,3.5244,-24.626,35.048725,-0.002475,22.820317
571.161505,-6.9945,3.5237,-24.645,35.079751,-0.002475,22.802002
572.157567,-6.9759,3.5232,-24.576,35.097652,-0.002476,22.77183
573.155661,-7.0063,3.5208,-24.665,35.116415,-0.002473,22.806903
574.158469,-7.0162,3.5197,-24.69,35.132254,-0.002474,22.800206
575.158021,-7.0244,3.5206,-24.729,35.163228,-0.002473,22.78184
576.155637,-6.9772,3.5218,-24.57,35.144678,-0.002472,22.801888
577.157193,-6.9956,3.5207,-24.627,35.180821,-0.002469,22.798218
578.156215,-6.9886,3.5201,-24.598,35.201245,-0.002468,22.807994
579.155449,-7.0039,3.519,-24.645,35.226228,-0.002472,22.802029
580.159801,-7.03,3.5166,-24.72,35.259402,-0.00247,22.791572
581.15538,-7.0492,3.5161,-24.785,35.266397,-0.002472,22.782555
582.159027,-6.9818,3.5182,-24.562,35.277482,-0.002469,22.792824
583.155357,-6.9878,3.5166,-24.569,35.294072,-0.002469,22.822861
584.156346,-7.0197,3.5147,-24.67,35.312785,-0.002468,22.815761
585.160208,-7.0428,3.5134,-24.742,35.309066,-0.002467,22.821465
586.157283,-6.9716,3.5152,-24.504,35.353276,-0.002468,22.831643
587.156569,-7.0174,3.5146,-24.659,35.345369,-0.002466,22.821277
588.156093,-6.9851,3.5141,-24.544,35.385159,-0.002467,22.804737
589.156204,-7.0162,3.5141,-24.654,35.394445,-0.002468,22.80372
590.156857,-7.0207,3.5112,-24.649,35.406909,-0.002468,22.808286
591.15909,-6.9658,3.5117,-24.459,35.440446,-0.002466,22.810981
592.156274,-6.9368,3.5128,-24.365,35.46124,-0.002467,22.805043
593.156598,-7.0312,3.5087,-24.666,35.479343,-0.002468,22.784549
594.156279,-7.0112,3.5105,-24.609,35.490592,-0.002466,22.817232
595.159279,-6.985,3.5085,-24.506,35.480282,-0.002465,22.822891
596.161162,-7.0052,3.508,-24.571,35.493004,-0.002464,22.801686
597.158932,-7.0321,3.5069,-24.659,35.506641,-0.002465,22.80318
598.160566,-6.9931,3.5089,-24.535,35.533979,-0.002465,22.799131
599.159237,-6.9811,3.5066,-24.477,35.546677,-0.002464,22.810562
600.158196,-7.0509,3.505,-24.71,35.551683,-0.002462,22.809474
601.161878,-7.0002,3.5063,-24.542,35.58288,-0.002462,22.809333
602.160949,-7.0173,3.5038,-24.586,35.596772,-0.002464,22.804459
603.164127,-6.9878,3.5035,-24.48,35.621443,-0.002459,22.821381
604.159335,-7.0062,3.5025,-24.537,35.642539,-0.002461,22.807705
605.160591,-6.9724,3.5032,-24.424,35.66515,-0.002463,22.803136
606.163103,-7.0125,3.5025,-24.559,35.666553,-0.002458,22.821122
607.159966,-7.0289,3.5023,-24.614,35.700062,-0.00246,22.817645
608.160731,-7.0231,3.5013,-24.587,35.715096,-0.002459,22.822448
609.163003,-7.0216,3.5013,-24.583,35.720098,-0.002459,22.817571
610.165239,-7.0388,3.4997,-24.629,35.738482,-0.002458,22.826238
611.162128,-6.9848,3.5005,-24.448,35.752182,-0.002457,22.814073
612.162534,-7.0079,3.4978,-24.509,35.787231,-0.002457,22.816889
613.161823,-7.023,3.4977,-24.563,35.824431,-0.002459,22.823304
614.159897,-7.0111,3.4991,-24.531,35.803879,-0.002454,22.811495
615.161893,-6.9818,3.4974,-24.415,35.855338,-0.002454,22.813885
616.161922,-7.0799,3.4953,-24.745,35.861676,-0.002457,22.802787
617.1622,-7.1038,3.4941,-24.818,35.870046,-0.002457,22.825459
618.167735,-6.947,3.4977,-24.297,35.894685,-0.002453,22.827208
619.162946,-7.0237,3.4944,-24.541,35.896369,-0.002454,22.809981
620.162108,-7.0437,3.495,-24.615,35.925312,-0.002455,22.796207
621.166197,-6.9904,3.4941,-24.424,35.937186,-0.002456,22.814382
622.162911,-7.0091,3.494,-24.488,35.95935,-0.002454,22.813626
623.162734,-7.0263,3.4917,-24.531,35.95991,-0.002452,22.815614
624.164555,-7.0224,3.4918,-24.519,35.979736,-0.002451,22.828584
625.166941,-7.0193,3.4923,-24.512,35.989133,-0.002453,22.829105
626.170433,-7.0082,3.4903,-24.459,36.023776,-0.002453,22.840038
627.167419,-6.979,3.4909,-24.36,36.045165,-0.002452,22.818148
628.168807,-7.0525,3.4869,-24.589,36.04241,-0.002448,22.805419
629.169045,-7.0359,3.4874,-24.535,36.064098,-0.002452,22.814596
630.167978,-6.9794,3.4879,-24.342,36.079737,-0.00245,22.818598
631.168552,-7.0058,3.4878,-24.433,36.095655,-0.002453,22.833294
632.167453,-6.9886,3.4873,-24.369,36.100237,-0.002451,22.82468
633.171545,-6.9878,3.4859,-24.357,36.131534,-0.002449,22.829863
634.168937,-7.0408,3.4853,-24.537,36.148642,-0.002448,22.829672
635.168867,-6.9782,3.4857,-24.322,36.141046,-0.002448,22.823875
636.173175,-7.0215,3.4841,-24.462,36.169306,-0.002448,22.842075
637.168913,-6.9977,3.4842,-24.38,36.204387,-0.002448,22.837366
638.169178,-6.9002,3.4872,-24.059,36.200602,-0.002448,22.828799
639.171105,-7.0156,3.4842,-24.44,36.216706,-0.002448,22.826174
640.171878,-6.989,3.4819,-24.333,36.225094,-0.002445,22.84508
641.172831,-7.015,3.481,-24.418,36.24753,-0.002449,22.811948
642.171106,-6.9693,3.4819,-24.264,36.265434,-0.002446,22.823925
643.174417,-6.9919,3.4804,-24.332,36.264218,-0.002441,22.831213
644.170838,-7.0491,3.4776,-24.512,36.302429,-0.002444,22.810269
645.172036,-6.9968,3.4802,-24.347,36.307477,-0.002443,22.840941
646.174584,-7.0225,3.4774,-24.418,36.32839,-0.002444,22.826147
647.176243,-6.99,3.4772,-24.303,36.343701,-0.002443,22.82414
648.173842,-7.0079,3.4766,-24.362,36.367325,-0.002442,22.827238
649.174074,-6.9842,3.4774,-24.286,36.363258,-0.002442,22.82028
650.173869,-6.9907,3.4747,-24.289,36.392022,-0.002443,22.834264
651.174054,-6.9851,3.4742,-24.266,36.399222,-0.002444,22.841555
652.176244,-6.9896,3.4775,-24.302,36.434952,-0.002441,22.83325
653.174377,-6.9765,3.4746,-24.238,36.423733,-0.002439,22.838927
654.176495,-6.996,3.4733,-24.298,36.438571,-0.002437,22.836916
655.173751,-6.9896,3.4728,-24.271,36.459061,-0.002437,22.834949
656.174235,-6.9907,3.4729,-24.276,36.492407,-0.002436,22.848843
657.176397,-6.9399,3.4735,-24.102,36.509952,-0.002437,22.835375
658.1744,-7.0293,3.4697,-24.387,36.513525,-0.002439,22.816275
659.174344,-7.0055,3.4703,-24.31,36.541447,-0.002436,22.839823
660.173405,-7.0058,3.4686,-24.298,36.568152,-0.002433,22.834214
661.174641,-6.9815,3.4699,-24.224,36.572404,-0.002435,22.841834
662.175694,-6.9732,3.4693,-24.19,36.583711,-0.002434,22.838615
663.177301,-7.0179,3.4672,-24.33,36.600881,-0.002436,22.84938
664.176286,-7.0289,3.4672,-24.368,36.609921,-0.002436,22.830139
665.176131,-7.0096,3.4654,-24.289,36.619386,-0.002433,22.841619
666.178449,-7.0576,3.4637,-24.443,36.631909,-0.002432,22.846731
667.17712,-7.0217,3.465,-24.327,36.668934,-0.002431,22.858678
668.177594,-7.0473,3.4634,-24.405,36.674707,-0.002433,22.836127
669.176507,-6.9797,3.4637,-24.172,36.693137,-0.00243,22.832552
670.17787,-7.0129,3.4636,-24.288,36.683909,-0.002429,22.854915
671.179857,-7.0352,3.4639,-24.368,36.699884,-0.002429,22.850746
672.180803,-6.9956,3.463,-24.222,36.707151,-0.002432,22.834442
673.178933,-7.046,3.4607,-24.381,36.710189,-0.002428,22.842253
674.179542,-7.0194,3.4594,-24.28,36.727987,-0.002427,22.84135
675.17975,-7.027,3.4603,-24.313,36.75595,-0.002428,22.854059
676.179121,-7.0178,3.4603,-24.28,36.779448,-0.002427,22.8471
677.180298,-7.0921,3.4572,-24.517,36.778047,-0.002427,22.860826
678.180055,-7.0004,3.4574,-24.202,36.814279,-0.002428,22.846416
679.181572,-7.0233,3.459,-24.29,36.809653,-0.002426,22.855929
680.179794,-7.0183,3.4564,-24.256,36.83873,-0.002426,22.853676
681.179272,-7.0008,3.4577,-24.204,36.855479,-0.002427,22.861652
682.177158,-6.9688,3.4559,-24.082,36.883786,-0.002427,22.830696
683.180203,-7.0317,3.4548,-24.289,36.898993,-0.002426,22.859829
684.180532,-6.9875,3.4536,-24.131,36.918169,-0.002425,22.863166
685.179799,-7.0339,3.4533,-24.288,36.945352,-0.002425,22.85663
686.181474,-6.9792,3.4531,-24.099,36.94944,-0.002424,22.869765
687.184119,-7.0041,3.4515,-24.173,36.964222,-0.002427,22.831733
688.182024,-6.9525,3.4538,-24.01,37.004042,-0.002422,22.862142
689.183209,-7.0265,3.4509,-24.246,37.006284,-0.002422,22.856369
690.182375,-7.0391,3.4504,-24.285,37.01768,-0.002425,22.866969
691.183225,-6.9892,3.4495,-24.107,37.017027,-0.002422,22.856369
692.185375,-7.017,3.4497,-24.205,37.036178,-0.002425,22.852582
693.184373,-7.0164,3.45,-24.203,37.044937,-0.002423,22.856251
694.185063,-6.9771,3.4487,-24.06,37.068052,-0.002422,22.858376
695.184222,-7.0506,3.4463,-24.297,37.077393,-0.00242,22.860269
696.18457,-6.9694,3.4464,-24.018,37.089235,-0.002421,22.857124
697.18573,-6.9943,3.4458,-24.099,37.093737,-0.002417,22.855059
698.185373,-7.0262,3.4447,-24.201,37.106884,-0.002418,22.844244
699.187283,-7.0306,3.4455,-24.219,37.146493,-0.002421,22.860246
700.185101,-7.0066,3.4434,-24.125,37.139978,-0.002422,22.870682
701.185551,-6.9952,3.4447,-24.095,37.162114,-0.002418,22.860457
702.189569,-6.9789,3.4438,-24.033,37.182968,-0.002419,22.866445
703.184773,-6.9672,3.442,-23.979,37.181964,-0.002418,22.854069
704.183607,-6.9664,3.4417,-23.974,37.211806,-0.002418,22.857809
705.185935,-7.0228,3.4395,-24.153,37.222521,-0.002419,22.869614
706.184942,-6.9897,3.4395,-24.04,37.236717,-0.002414,22.856077
707.186382,-6.9845,3.4388,-24.016,37.24393,-0.002417,22.878533
708.188467,-7.0177,3.4383,-24.127,37.264312,-0.002415,22.869846
709.18781,-6.9668,3.4386,-23.955,37.276619,-0.002416,22.864807
710.186459,-6.9983,3.4368,-24.05,37.280309,-0.002416,22.860027
711.187251,-6.9872,3.438,-24.02,37.28736,-0.002413,22.855815
712.186859,-7.0117,3.4354,-24.086,37.315328,-0.002413,22.858131
713.190271,-6.966,3.4374,-23.943,37.330761,-0.002414,22.856261
714.189457,-7.0095,3.4349,-24.075,37.348108,-0.002413,22.869111
715.187904,-6.9822,3.4367,-23.994,37.384201,-0.002411,22.862152
716.188016,-6.9607,3.4355,-23.91,37.375469,-0.00241,22.865133
717.19,-7.0009,3.4337,-24.036,37.405985,-0.002409,22.862461
718.190227,-6.9982,3.4332,-24.023,37.415015,-0.002409,22.854576
719.188064,-7.0201,3.431,-24.083,37.429046,-0.002409,22.882524
720.186904,-7.0248,3.4312,-24.101,37.462594,-0.00241,22.84175
721.188187,-7.0014,3.4317,-24.025,37.444265,-0.002409,22.877127
722.188938,-6.9766,3.4316,-23.939,37.477439,-0.002407,22.860585
723.188795,-6.9877,3.4297,-23.963,37.499591,-0.002405,22.870262
724.187747,-6.9564,3.428,-23.844,37.511333,-0.002407,22.876959
725.18966,-6.9977,3.4283,-23.989,37.517217,-0.002404,22.865885
726.188115,-7.0186,3.4278,-24.056,37.53806,-0.002408,22.882282
727.189569,-6.994,3.4265,-23.964,37.54156,-0.002404,22.878258
728.191185,-6.9654,3.4283,-23.877,37.56397,-0.002403,22.861219
729.192268,-6.9525,3.4259,-23.815,37.585657,-0.002406,22.857174
730.189914,-6.9871,3.425,-23.93,37.612336,-0.002404,22.890849
731.1909,-6.9753,3.4253,-23.89,37.615906,-0.002404,22.877573
732.188447,-7.0128,3.4227,-24.001,37.615836,-0.002404,22.861266
733.189493,-7.0381,3.4228,-24.088,37.623349,-0.002402,22.865096
734.192894,-6.961,3.4239,-23.831,37.623001,-0.002403,22.860484
735.189975,-7.0311,3.4203,-24.048,37.642326,-0.002402,22.867298
736.192263,-6.9961,3.4208,-23.929,37.657755,-0.002403,22.886253
737.188934,-7.0133,3.4191,-23.978,37.680718,-0.002403,22.883504
738.190262,-7.0108,3.4191,-23.969,37.704853,-0.002402,22.881944
739.192935,-7.0271,3.4185,-24.021,37.711388,-0.002402,22.867745
740.191281,-7.0214,3.4173,-23.993,37.730199,-0.002402,22.874512
741.191373,-6.9915,3.4174,-23.891,37.72952,-0.002399,22.868144
742.190226,-7.0116,3.4169,-23.956,37.733257,-0.002397,22.872881
743.190238,-6.938,3.4179,-23.71,37.740445,-0.002398,22.873069
744.190097,-6.9478,3.4169,-23.739,37.777949,-0.002397,22.877966
745.192372,-6.9907,3.4146,-23.869,37.772556,-0.002397,22.85262
746.190571,-6.9691,3.4156,-23.802,37.809944,-0.002397,22.871598
747.193913,-7.037,3.4129,-24.015,37.789148,-0.002397,22.878436
748.190563,-6.9779,3.413,-23.814,37.81146,-0.002396,22.886861
749.191557,-7.0099,3.4141,-23.928,37.809732,-0.002394,22.892208
750.19288,-6.9993,3.4122,-23.881,37.843453,-0.002396,22.873868
751.19195,-7.0287,3.4101,-23.967,37.858876,-0.002394,22.883827
752.194294,-7.0278,3.4088,-23.954,37.865483,-0.002393,22.902832
753.192569,-6.9837,3.4101,-23.814,37.87631,-0.002396,22.881628
754.190781,-7.0024,3.4085,-23.867,37.895611,-0.002396,22.893628
755.194221,-7.0173,3.4078,-23.912,37.900838,-0.002393,22.894669
756.197778,-6.999,3.4083,-23.854,37.900063,-0.002393,22.866433
757.19364,-6.9564,3.4089,-23.711,37.925852,-0.002393,22.883592
758.195055,-6.9892,3.4067,-23.809,37.940783,-0.002391,22.886902
759.193922,-6.9998,3.4063,-23.841,37.944635,-0.002394,22.893175
760.193897,-7.0155,3.4064,-23.896,37.93689,-0.002393,22.891947
761.197731,-7.0057,3.4046,-23.849,37.985142,-0.00239,22.905856
762.196865,-7.0042,3.4045,-23.844,37.996415,-0.002389,22.885106
763.197072,-7.015,3.4019,-23.862,37.994597,-0.002391,22.88279
764.196555,-7.0045,3.4026,-23.831,38.024157,-0.002387,22.884371
765.196421,-6.9687,3.4035,-23.717,38.042098,-0.00239,22.884109
766.199211,-7.0238,3.4009,-23.886,38.032325,-0.002388,22.881296
767.198204,-7.002,3.401,-23.813,38.054605,-0.002387,22.887328
768.197578,-7.0063,3.4012,-23.829,38.075396,-0.00239,22.909361
769.200504,-7.0186,3.3993,-23.857,38.094548,-0.002388,22.886663
770.19931,-6.9903,3.3998,-23.764,38.109877,-0.002386,22.860562
771.201827,-7.0037,3.3977,-23.794,38.09793,-0.002388,22.885361
772.203417,-6.9687,3.3991,-23.685,38.126699,-0.002386,22.902235
773.200392,-6.9589,3.3974,-23.64,38.164865,-0.002389,22.901664
774.203405,-7.0376,3.3966,-23.902,38.17702,-0.002386,22.914939
775.204458,-7.0331,3.3953,-23.878,38.187682,-0.002387,22.889312
776.202246,-7.0328,3.3963,-23.883,38.191581,-0.002386,22.891846
777.205626,-6.9816,3.3951,-23.701,38.219526,-0.002385,22.898422
778.203226,-6.99,3.3932,-23.717,38.203547,-0.002386,22.911083
779.206026,-7.0353,3.3928,-23.868,38.232845,-0.002383,22.90436
780.204575,-7.0186,3.3924,-23.809,38.236555,-0.002382,22.903389
781.204827,-7.0265,3.3909,-23.822,38.25587,-0.002385,22.904524
782.20681,-6.9941,3.392,-23.722,38.248497,-0.002382,22.890893
783.205257,-6.9477,3.3921,-23.565,38.272782,-0.002384,22.905115
784.204939,-7.0453,3.3881,-23.868,38.298912,-0.002383,22.898019
785.206059,-7.0175,3.3888,-23.78,38.300471,-0.002383,22.907172
786.205307,-7.0803,3.3865,-23.974,38.317617,-0.002384,22.908001
787.205205,-6.96,3.3888,-23.582,38.314189,-0.002382,22.917302
788.207415,-6.9714,3.3886,-23.621,38.321137,-0.002382,22.904474
789.206186,-6.979,3.389,-23.65,38.329118,-0.002382,22.900265
790.211602,-7.0108,3.3859,-23.736,38.334201,-0.002382,22.895955
791.206972,-7.0297,3.3852,-23.793,38.34057,-0.002384,22.903363
792.206874,-6.9983,3.3845,-23.684,38.380105,-0.002381,22.874845
793.2072,-7.0342,3.3822,-23.788,38.384655,-0.00238,22.907857
794.208384,-6.9382,3.3843,-23.479,38.41605,-0.00238,22.91699
795.208899,-6.984,3.3847,-23.638,38.417962,-0.00238,22.885801
796.208682,-7.041,3.3814,-23.806,38.429647,-0.002379,22.927473
797.209444,-7,3.3818,-23.67,38.431232,-0.002379,22.899264
798.210356,-6.9102,3.3846,-23.385,38.437108,-0.002377,22.928889
799.210063,-7.0006,3.3801,-23.661,38.461316,-0.00238,22.921267
800.213452,-6.9896,3.3798,-23.621,38.471677,-0.002377,22.925154
801.209068,-7.0092,3.3795,-23.685,38.499127,-0.002378,22.892897
802.210319,-6.9637,3.3793,-23.531,38.506289,-0.002375,22.90821
803.212439,-7.0388,3.3778,-23.773,38.501016,-0.002373,22.903333
804.212871,-6.9608,3.3793,-23.519,38.532619,-0.002374,22.895643
805.210592,-6.9876,3.3777,-23.598,38.557248,-0.002375,22.903594
806.211926,-7.0037,3.3756,-23.64,38.564126,-0.002373,22.911993
807.211997,-6.9944,3.3755,-23.607,38.576789,-0.002374,22.914903
808.211751,-6.9871,3.3751,-23.58,38.585605,-0.002369,22.912963
809.214647,-7.0096,3.3735,-23.645,38.596055,-0.002374,22.929245
810.21186,-7.0247,3.374,-23.7,38.612915,-0.002374,22.908492
811.219611,-6.9956,3.3737,-23.599,38.646355,-0.002371,22.921599
812.214376,-6.9999,3.3729,-23.608,38.641575,-0.002371,22.920535
813.21495,-6.9704,3.373,-23.51,38.650347,-0.002369,22.918551
814.217821,-6.9994,3.3712,-23.595,38.67546,-0.002372,22.92321
815.214929,-7.0191,3.3699,-23.651,38.663803,-0.00237,22.918481
816.218224,-6.9705,3.3706,-23.493,38.690685,-0.002369,22.923989
817.214665,-6.9992,3.3686,-23.577,38.71326,-0.002371,22.909036
818.21495,-7.0299,3.3675,-23.672,38.694,-0.002368,22.924986
819.217694,-7.042,3.367,-23.708,38.73082,-0.00237,22.931588
820.215685,-6.966,3.3681,-23.46,38.724152,-0.002367,22.930974
821.216709,-7.0242,3.3669,-23.648,38.755604,-0.002367,22.915564
822.215582,-7.0054,3.3662,-23.58,38.774728,-0.002367,22.934498
823.216435,-6.9854,3.3663,-23.514,38.798276,-0.002367,22.923375
824.222723,-6.9655,3.3666,-23.448,38.789277,-0.002367,22.921341
825.217208,-6.9657,3.3661,-23.446,38.81565,-0.002365,22.925389
826.22132,-7.0294,3.3631,-23.638,38.811684,-0.002364,22.914738
827.220096,-6.9195,3.3665,-23.292,38.817747,-0.002366,22.924204
828.220559,-7.014,3.3617,-23.577,38.849596,-0.002365,22.930024
829.21999,-7.0132,3.3624,-23.58,38.847426,-0.002366,22.934921
830.22071,-6.9928,3.362,-23.508,38.853558,-0.002365,22.913695
831.221432,-6.9868,3.3625,-23.491,38.877204,-0.002366,22.924915
832.222887,-7.0212,3.3612,-23.597,38.892844,-0.002363,22.911446
833.222103,-7.0111,3.3599,-23.555,38.904174,-0.002364,22.915373
834.2225,-6.9522,3.3601,-23.358,38.930938,-0.002362,22.938751
835.226394,-6.9997,3.3578,-23.501,38.917766,-0.002364,22.91213
836.221839,-6.9684,3.3592,-23.406,38.933527,-0.002364,22.939959
837.223033,-7.0116,3.3576,-23.54,38.944599,-0.002363,22.939839
838.224236,-7.0161,3.3564,-23.548,38.949473,-0.002361,22.910237
839.224532,-7.0331,3.3552,-23.595,38.966468,-0.00236,22.92654
840.227426,-7.0146,3.3573,-23.549,38.958379,-0.002364,22.927795
841.22484,-6.978,3.3561,-23.417,38.99619,-0.002361,22.933045
842.224255,-6.9503,3.3554,-23.319,39.002321,-0.002361,22.920811
843.226119,-7.0038,3.3535,-23.486,39.013768,-0.002362,22.931958
844.225265,-6.9956,3.353,-23.454,39.014698,-0.002361,22.944259
845.226293,-6.9887,3.3529,-23.43,39.041274,-0.002359,22.923909
846.22576,-7.0336,3.3504,-23.564,39.061977,-0.002359,22.914161
847.227394,-7.0353,3.3521,-23.582,39.059946,-0.00236,22.919673
848.227029,-7.0264,3.3488,-23.529,39.080718,-0.002358,22.936972
849.228243,-6.9792,3.3517,-23.39,39.090089,-0.002357,22.924241
850.235326,-6.9662,3.3507,-23.338,39.106384,-0.002357,22.939835
851.228848,-7.0009,3.3496,-23.449,39.10566,-0.002356,22.925849
852.231406,-6.9986,3.3472,-23.423,39.121068,-0.002358,22.932025
853.228518,-6.9873,3.349,-23.399,39.10393,-0.002352,22.954856
854.229381,-7.0129,3.3465,-23.467,39.140109,-0.002356,22.932424
855.231995,-7.0056,3.3463,-23.441,39.17104,-0.002357,22.933535
856.230595,-6.9832,3.3454,-23.359,39.15878,-0.002357,22.946173
857.229794,-6.9383,3.346,-23.213,39.155586,-0.002354,22.940091
858.231597,-7.0045,3.3446,-23.426,39.195864,-0.002353,22.951637
859.230773,-7.0024,3.3443,-23.416,39.192438,-0.002355,22.923077
860.234005,-6.9922,3.3449,-23.387,39.201011,-0.002351,22.947398
861.232383,-7.0092,3.3429,-23.43,39.198704,-0.002352,22.919499
862.238674,-6.9961,3.3437,-23.392,39.227841,-0.002353,22.962804
863.23504,-6.9512,3.3431,-23.235,39.241614,-0.002355,22.933247
864.234875,-6.9906,3.342,-23.36,39.265272,-0.002351,22.936442
865.240289,-7.0131,3.3415,-23.432,39.27282,-0.002355,22.951204
866.235289,-7.0133,3.3398,-23.421,39.278579,-0.002353,22.951845
867.23569,-7.0329,3.3376,-23.472,39.293658,-0.002351,22.948697
868.235271,-7.0307,3.3384,-23.47,39.307523,-0.00235,22.940057
869.234646,-7.0465,3.3363,-23.508,39.336237,-0.002353,22.949808
870.234063,-7.0349,3.3358,-23.465,39.352366,-0.002349,22.943468
871.238666,-6.9979,3.3362,-23.346,39.372035,-0.002351,22.920371
872.235503,-7.0217,3.3364,-23.425,39.365883,-0.002349,22.939208
873.236532,-7.029,3.3361,-23.447,39.390378,-0.002348,22.934264
874.235906,-7.0069,3.3341,-23.36,39.400467,-0.00235,22.938829
875.235495,-7.0219,3.335,-23.414,39.39455,-0.002349,22.955537
876.239729,-7.0445,3.3334,-23.479,39.418694,-0.002348,22.945032
877.235909,-7.0077,3.3337,-23.359,39.430412,-0.002349,22.955984
878.236127,-7.0047,3.3322,-23.339,39.436822,-0.002347,22.935989
879.237467,-6.9957,3.3334,-23.318,39.46947,-0.002347,22.942165
880.235135,-6.9933,3.3326,-23.305,39.475671,-0.00235,22.946569
881.241301,-7.0278,3.3317,-23.412,39.49072,-0.002344,22.939608
882.238759,-7.06,3.3287,-23.5,39.476111,-0.002348,22.940863
883.240896,-7.0029,3.3318,-23.33,39.492003,-0.002346,22.948482
884.237701,-7.0029,3.33,-23.319,39.518171,-0.002346,22.94098
885.239285,-7.0252,3.3283,-23.38,39.5308,-0.002347,22.949546
886.240762,-7.0096,3.3295,-23.337,39.541076,-0.002343,22.929219
887.238685,-6.9836,3.3286,-23.244,39.534621,-0.002342,22.957686
888.239323,-7.032,3.3266,-23.39,39.564308,-0.002345,22.958018
889.238239,-6.9433,3.329,-23.112,39.576961,-0.002344,22.953829
890.238742,-7.0362,3.3269,-23.406,39.598632,-0.002343,22.954067
891.243777,-7.0626,3.3233,-23.47,39.588403,-0.002344,22.957404
892.239617,-6.9865,3.3241,-23.223,39.605761,-0.002343,22.935751
893.240606,-6.9952,3.3233,-23.245,39.615573,-0.002341,22.949976
894.239149,-6.9799,3.3249,-23.205,39.61599,-0.002343,22.93904
895.240231,-7.0239,3.3241,-23.347,39.634864,-0.00234,22.937859
896.244283,-6.9925,3.3241,-23.243,39.651336,-0.002342,22.937077
897.241267,-7.0096,3.3232,-23.293,39.660656,-0.00234,22.974937
898.242291,-7.0706,3.3214,-23.481,39.668254,-0.002341,22.950472
899.242274,-7.0033,3.3205,-23.253,39.690499,-0.00234,22.954135
900.242371,-6.9772,3.3209,-23.168,39.703989,-0.00234,22.96263
901.247608,-6.9764,3.32,-23.161,39.706973,-0.002342,22.955722
902.24339,-7.0046,3.319,-23.247,39.725238,-0.002342,22.942565
903.244846,-6.9585,3.3197,-23.098,39.748651,-0.002343,22.95972
904.242483,-6.9963,3.3185,-23.215,39.764051,-0.002341,22.97678
905.242666,-6.9814,3.3177,-23.16,39.763961,-0.002342,22.964858
906.245644,-7.0356,3.3156,-23.325,39.783224,-0.002338,22.960287
907.246754,-7.034,3.3149,-23.315,39.794618,-0.002339,22.950563
908.24315,-6.9439,3.3165,-23.026,39.795992,-0.002337,22.954799
909.243731,-7.026,3.3152,-23.289,39.82826,-0.002338,22.951607
910.244181,-6.999,3.3148,-23.199,39.798183,-0.002339,22.954185
911.243956,-6.9801,3.3158,-23.142,39.828699,-0.002334,22.957259
912.249195,-7.0507,3.3124,-23.351,39.842961,-0.002337,22.944297
913.247566,-6.9795,3.3137,-23.126,39.874011,-0.002334,22.956434
914.249535,-6.9864,3.3121,-23.138,39.875901,-0.002337,22.964032
915.246256,-7.0157,3.311,-23.226,39.886217,-0.002337,22.956528
916.246166,-6.9896,3.3117,-23.146,39.887175,-0.002338,22.975484
917.250645,-7.0289,3.3092,-23.258,39.892928,-0.002338,22.942521
918.246325,-7.007,3.3103,-23.194,39.929525,-0.002336,22.935211
919.247763,-7.0194,3.3099,-23.231,39.944337,-0.002338,22.970608
920.247742,-7.0508,3.3102,-23.335,39.957708,-0.002334,22.958635
921.248293,-7.021,3.3085,-23.227,39.965952,-0.002335,22.96559
922.247602,-6.9861,3.3092,-23.117,39.981698,-0.002333,22.952718
923.250361,-7.0672,3.3062,-23.364,39.988944,-0.002334,22.945881
924.248745,-7.0284,3.3056,-23.231,40.014565,-0.002333,22.962445
925.247997,-7.004,3.3066,-23.157,40.009742,-0.002339,22.928676
926.248934,-7.0019,3.3056,-23.142,40.030823,-0.002333,22.962398
927.249666,-7.0403,3.3033,-23.254,40.052087,-0.002335,22.968856
928.251047,-6.9877,3.3038,-23.084,40.031081,-0.002335,22.959347
929.250092,-6.9761,3.303,-23.039,40.059844,-0.00233,22.963485
930.248779,-7.0131,3.3041,-23.17,40.06513,-0.002334,22.972168
931.246875,-6.9553,3.303,-22.971,40.086745,-0.002334,22.958635
932.248712,-6.9737,3.3034,-23.035,40.083181,-0.00233,22.978203
933.249848,-6.9671,3.3022,-23.005,40.124961,-0.002333,22.964335
934.24969,-7.0445,3.3002,-23.246,40.101278,-0.002334,22.972454
935.249032,-7.0453,3.2997,-23.246,40.130927,-0.002333,22.985067
936.250262,-6.9952,3.2996,-23.079,40.148324,-0.002332,22.962989
937.250184,-6.9713,3.3001,-23.004,40.138892,-0.002331,22.975649
938.253564,-6.9633,3.2989,-22.969,40.171381,-0.002334,22.971745
939.251169,-6.9521,3.2992,-22.934,40.152192,-0.002331,22.943256
940.249658,-6.9774,3.2979,-23.008,40.174549,-0.00233,22.9584
941.250928,-7.0291,3.2953,-23.161,40.169822,-0.002332,22.938453
942.252917,-7.0055,3.2962,-23.09,40.193738,-0.00233,22.954235
943.25312,-6.9649,3.2961,-22.954,40.200517,-0.00233,22.951657
944.252255,-6.9463,3.2959,-22.891,40.222315,-0.002329,22.9686
945.253875,-6.998,3.2952,-23.058,40.222361,-0.002328,22.953503
946.253344,-7.0027,3.2954,-23.076,40.250567,-0.002328,22.966073
947.251957,-7.0055,3.2933,-23.07,40.259925,-0.002326,22.976528
948.258074,-7.0435,3.2911,-23.179,40.271526,-0.002326,22.985003
949.255895,-6.9969,3.2933,-23.04,40.305504,-0.002327,22.956587
950.255127,-6.973,3.2928,-22.959,40.316889,-0.002326,22.977149
951.25618,-7.0251,3.2924,-23.127,40.323221,-0.002324,22.950929
952.254535,-7.025,3.2895,-23.107,40.352095,-0.002328,22.971752
953.25286,-6.9806,3.2914,-22.974,40.348069,-0.002326,22.952043
954.256107,-7.0032,3.2897,-23.037,40.352145,-0.002324,22.970856
955.255007,-6.9929,3.2893,-23.001,40.363368,-0.002325,22.963331
956.257862,-6.9723,3.288,-22.923,40.377342,-0.002324,22.962387
957.255565,-6.989,3.2886,-22.981,40.385748,-0.002325,22.959098
958.257833,-6.9749,3.2893,-22.94,40.406261,-0.002324,22.960068
959.260248,-7.0001,3.288,-23.015,40.416998,-0.002326,22.963881
960.259199,-6.9872,3.2866,-22.963,40.438885,-0.002321,22.968613
961.257607,-7.0412,3.2843,-23.121,40.448641,-0.002324,22.974269
962.257066,-6.9383,3.2876,-22.808,40.462914,-0.002323,22.967479
963.258226,-7.0048,3.287,-23.023,40.5058,-0.002321,22.981723
964.260671,-6.9993,3.2857,-22.994,40.529967,-0.002322,22.970318
965.259669,-6.9941,3.2838,-22.965,40.544613,-0.002322,22.980945
966.260134,-7.0078,3.2843,-23.015,40.54357,-0.002321,22.969946
967.26019,-6.9953,3.2832,-22.965,40.54925,-0.002322,22.974299
968.260082,-7.0196,3.2814,-23.033,40.564684,-0.002318,22.968217
969.264302,-6.9119,3.2842,-22.698,40.578795,-0.002319,22.955583
970.260293,-6.9725,3.2811,-22.875,40.596372,-0.002318,22.982441
971.262947,-6.9897,3.2796,-22.922,40.598304,-0.002319,22.973993
972.259973,-7.0053,3.2814,-22.985,40.605126,-0.002318,22.98424
973.259671,-7.0664,3.277,-23.155,40.650358,-0.002318,22.993776
974.261631,-6.9886,3.2793,-22.915,40.678062,-0.002318,23.002532
975.260633,-6.9586,3.281,-22.828,40.661975,-0.002315,22.966777
976.259686,-6.9848,3.2782,-22.895,40.685887,-0.002316,22.980199
977.260973,-6.955,3.2784,-22.798,40.70318,-0.002314,22.990678
978.262558,-6.9789,3.2774,-22.871,40.676642,-0.002317,22.987365
979.264799,-6.9801,3.2773,-22.874,40.715307,-0.002315,22.979343
980.270416,-6.9817,3.2763,-22.872,40.705181,-0.002313,22.981827
981.267427,-6.9957,3.2757,-22.915,40.7276,-0.002314,22.956818
982.265208,-6.9721,3.2773,-22.847,40.721967,-0.002313,22.98422
983.267203,-6.987,3.273,-22.866,40.737839,-0.002315,22.982371
984.267334,-7.0065,3.2744,-22.94,40.75274,-0.002312,22.987106
985.268363,-7.0059,3.273,-22.929,40.769545,-0.002312,22.991413
986.269098,-6.9645,3.274,-22.799,40.785978,-0.002313,22.95322
987.268854,-6.9403,3.2747,-22.725,40.768522,-0.002312,22.971916
988.270696,-6.9878,3.2709,-22.854,40.783577,-0.002312,22.977283
989.271029,-7.0033,3.2703,-22.901,40.800036,-0.00231,22.974611
990.273422,-6.9914,3.2701,-22.859,40.804364,-0.002312,22.990369
991.27256,-6.9946,3.2703,-22.872,40.849031,-0.002315,22.986086
992.272236,-7.0356,3.2666,-22.98,40.866188,-0.002312,22.984126
993.274272,-7.0009,3.2704,-22.892,40.845214,-0.002313,22.999716
994.271122,-7.0429,3.2664,-23.003,40.879476,-0.00231,22.979652
995.275409,-6.9533,3.2686,-22.726,40.893163,-0.002313,22.996407
996.273879,-7.0027,3.2681,-22.883,40.897165,-0.002311,22.981545
997.273947,-6.9766,3.2684,-22.8,40.920627,-0.00231,22.985049
998.274096,-6.9279,3.2685,-22.641,40.936057,-0.002313,22.995531
999.275562,-7.0158,3.263,-22.891,40.952817,-0.002311,22.978971
1000.274319,-6.996,3.2653,-22.842,40.957891,-0.002309,22.988388
1001.278525,-7.0314,3.2636,-22.945,40.993057,-0.002307,22.978712
1002.275888,-6.9665,3.2643,-22.738,40.987218,-0.002311,22.981766
1003.274946,-7.0259,3.2644,-22.934,41.002855,-0.002308,22.992933
1004.277793,-6.9893,3.2616,-22.794,40.996784,-0.002309,22.990546
1005.276955,-7.0034,3.2622,-22.844,41.003627,-0.002309,22.979994
1006.279285,-6.9326,3.2636,-22.623,41.050705,-0.002308,22.985744
1007.276112,-6.9894,3.261,-22.791,41.045747,-0.002308,22.978809
1008.278851,-7.032,3.2604,-22.925,41.03972,-0.002305,22.988771
1009.27903,-6.9942,3.2609,-22.806,41.080073,-0.002308,22.974433
1010.280797,-6.995,3.2597,-22.799,41.112724,-0.002306,23.002901
1011.281769,-6.9894,3.2591,-22.777,41.13769,-0.002307,22.974812
1012.280416,-6.9834,3.2601,-22.765,41.166547,-0.002308,23.021666
1013.284497,-6.9715,3.2584,-22.714,41.169805,-0.002305,22.991852
1014.278568,-7.0101,3.2565,-22.826,41.207546,-0.002305,22.985274
1015.280764,-7.007,3.257,-22.819,41.206546,-0.002306,23.006972
1016.284059,-7.0389,3.255,-22.909,41.218388,-0.002305,22.981629
1017.281616,-6.9783,3.2551,-22.714,41.211434,-0.002305,23.013362
1018.283648,-6.9914,3.254,-22.747,41.2465,-0.002308,22.987029
1019.279706,-6.9867,3.2568,-22.752,41.256616,-0.002303,22.989271
1020.281241,-7.0019,3.254,-22.782,41.259992,-0.002305,22.992231
1021.282709,-6.98,3.2542,-22.713,41.271299,-0.002303,23.006096
1022.287074,-6.9952,3.2519,-22.746,41.266975,-0.002305,23.000753
1023.28289,-6.9594,3.2557,-22.655,41.27121,-0.002306,23.003166
1024.284568,-6.9802,3.2544,-22.714,41.308555,-0.002303,22.988616
1025.285951,-7.0153,3.2505,-22.801,41.324979,-0.002303,23.001535
1026.283736,-7.007,3.251,-22.777,41.332589,-0.002303,22.994604
1027.289419,-7.018,3.2497,-22.805,41.361858,-0.002303,22.996923
1028.285451,-7.0285,3.248,-22.824,41.360696,-0.002301,22.987223
1029.284624,-7.0025,3.2497,-22.754,41.390943,-0.002301,23.008049
1030.284025,-6.9678,3.25,-22.644,41.405648,-0.002299,22.989878
1031.286061,-7,3.2495,-22.744,41.397834,-0.002301,22.973412
1032.288165,-7.0505,3.2477,-22.896,41.410908,-0.002303,22.986236
1033.286526,-6.9996,3.2489,-22.74,41.42938,-0.002299,23.002659
1034.284211,-7.0358,3.2459,-22.836,41.452855,-0.002299,22.984891
1035.286082,-6.9639,3.2464,-22.606,41.459553,-0.002296,22.990757
1036.285398,-7.0518,3.2438,-22.872,41.460137,-0.002299,23.000816
1037.286525,-7.0039,3.2451,-22.726,41.469162,-0.002296,22.982548
1038.28891,-7.0048,3.245,-22.728,41.494358,-0.002296,23.020954
1039.285712,-6.9764,3.2453,-22.638,41.492151,-0.002296,22.970911
1040.284674,-7.005,3.2427,-22.714,41.502756,-0.002297,22.986904
1041.284404,-7.0374,3.2433,-22.823,41.520577,-0.002297,23.000773
1042.284534,-7.0288,3.2408,-22.777,41.543165,-0.002295,22.977845
1043.287574,-7.0094,3.2422,-22.724,41.548309,-0.002294,23.002481
1044.285866,-6.9658,3.2405,-22.571,41.538051,-0.002296,23.014288
1045.286695,-6.9941,3.2392,-22.654,41.557449,-0.002293,23.004206
1046.287553,-6.9817,3.2411,-22.626,41.586553,-0.002295,23.012043
1047.284787,-6.9975,3.2391,-22.665,41.593831,-0.002293,23.001464
1048.289279,-7.0074,3.2378,-22.688,41.596741,-0.002291,23.004897
1049.287351,-7.0156,3.2377,-22.711,41.620232,-0.002288,22.993301
1050.286282,-6.9706,3.2372,-22.565,41.649193,-0.002289,22.998628
1051.28544,-6.9838,3.2393,-22.619,41.659658,-0.002291,23.013533
1052.286916,-6.995,3.2359,-22.633,41.703061,-0.002293,23.004686
1053.283774,-6.9861,3.2368,-22.611,41.711876,-0.002291,23.011761
1054.285829,-7.0408,3.2348,-22.772,41.736414,-0.002292,23.005965
1055.286154,-7.0011,3.2338,-22.639,41.763554,-0.002291,22.978681
1056.285722,-7.0073,3.2335,-22.656,41.780303,-0.002293,22.990516
1057.28667,-6.9925,3.2333,-22.607,41.784232,-0.002291,23.012496
1058.287324,-6.9402,3.2364,-22.459,41.809632,-0.002292,23.008525
1059.289033,-7.0118,3.232,-22.66,41.830817,-0.00229,23.013043
1060.286561,-7.0122,3.2305,-22.651,41.840257,-0.002294,23.035426
1061.290061,-6.9831,3.2327,-22.571,41.85398,-0.002288,22.996386
1062.287427,-6.9971,3.2329,-22.62,41.850213,-0.002288,23.00817
1063.287534,-7.0376,3.2317,-22.743,41.876585,-0.002289,23.016074
1064.28983,-6.9937,3.2308,-22.593,41.890211,-0.002289,23.005803
1065.28888,-7.0137,3.2279,-22.638,41.901608,-0.002287,23.010301
1066.287637,-7.0557,3.2276,-22.77,41.917328,-0.002289,23.034342
1067.286548,-7.0334,3.2282,-22.702,41.912489,-0.002287,23.008596
1068.288301,-6.9922,3.2299,-22.582,41.946114,-0.002288,23.012049
1069.286544,-6.9928,3.2276,-22.569,41.946417,-0.00229,23.025135
1070.289913,-7.0253,3.2269,-22.668,41.965439,-0.002287,23.026508
1071.287331,-7.0524,3.2256,-22.747,41.977134,-0.002284,23.025159
1072.287293,-7.0558,3.2237,-22.744,41.977415,-0.002288,23.012194
1073.284962,-6.9489,3.2259,-22.414,42.005483,-0.002289,23.016147
1074.287584,-7.019,3.2252,-22.636,42.023085,-0.002286,23.018443
1075.290491,-6.9477,3.2247,-22.401,42.058685,-0.002285,23.006401
1076.289686,-7.0339,3.2213,-22.655,42.052379,-0.002288,23.012288
1077.29031,-7.0348,3.2216,-22.663,42.080933,-0.002286,23.020524
1078.289291,-6.9786,3.2235,-22.494,42.079726,-0.002286,23.01267
1079.288942,-7.0176,3.2218,-22.607,42.075426,-0.002287,23.001668
1080.288183,-7.0159,3.2204,-22.592,42.086467,-0.002284,23.023316
1081.289878,-6.962,3.2234,-22.44,42.073285,-0.002285,23.025991
1082.290655,-7.0343,3.2191,-22.642,42.06729,-0.002287,23.03456
1083.289173,-6.9534,3.2197,-22.385,42.089864,-0.002286,23.011157
1084.292429,-7.0165,3.2192,-22.586,42.104837,-0.002285,23.017876
1085.297021,-7.0466,3.2173,-22.668,42.100025,-0.002286,23.011559
1086.294184,-6.9737,3.2197,-22.452,42.143201,-0.002285,23.017641
1087.293286,-6.9968,3.2183,-22.517,42.149942,-0.002283,23.006518
1088.294478,-7.0447,3.2154,-22.65,42.15011,-0.002286,23.010949
1089.29293,-7.0297,3.2146,-22.594,42.203115,-0.002283,23.024669
1090.29862,-7.018,3.2144,-22.557,42.244984,-0.002282,23.010022
1091.294666,-7.0001,3.2164,-22.514,42.25033,-0.002279,23.010257
1092.296043,-7.0351,3.2144,-22.611,42.253423,-0.002281,23.018611
1093.295078,-7.01,3.2124,-22.517,42.280116,-0.002284,23.028743
1094.297802,-7.0689,3.2108,-22.695,42.292877,-0.002282,23.010026
1095.295717,-7.0367,3.2109,-22.593,42.335231,-0.002281,23.037047
1096.294704,-6.9904,3.2116,-22.449,42.321449,-0.002281,23.025384
1097.29675,-6.9345,3.2143,-22.287,42.322751,-0.002278,23.020084
1098.298339,-6.966,3.2128,-22.379,42.335677,-0.002284,23.030875
1099.297994,-6.985,3.2111,-22.427,42.344187,-0.00228,23.019661
1100.295969,-6.9645,3.2118,-22.366,42.377449,-0.002279,23.029384
1101.297821,-6.9417,3.2116,-22.292,42.388211,-0.002279,23.03466
1102.298767,-7.0227,3.2075,-22.523,42.42443,-0.002281,23.016161
1103.297422,-7.0506,3.2044,-22.59,42.438584,-0.002279,23.015426
1104.299181,-6.9845,3.2075,-22.401,42.472866,-0.002278,23.030922
1105.297335,-6.9619,3.2079,-22.332,42.475286,-0.002279,23.01067
1106.298997,-7.012,3.2058,-22.477,42.471986,-0.002276,23.003051
1107.297611,-6.9566,3.2062,-22.303,42.50146,-0.002277,23.037315
1108.297559,-6.9814,3.2077,-22.392,42.519101,-0.002276,23.036818
1109.298151,-7.0663,3.2036,-22.635,42.518498,-0.002276,23.041883
1110.29839,-7.0032,3.2038,-22.434,42.515198,-0.002274,23.032845
1111.299996,-7.0581,3.2017,-22.596,42.553179,-0.002273,23.035546
1112.298752,-7.027,3.2017,-22.495,42.559104,-0.002273,23.035899
1113.30281,-7.0125,3.2008,-22.444,42.59292,-0.002273,23.037674
1114.298207,-6.9696,3.203,-22.322,42.608352,-0.002272,23.054804
1115.300017,-6.9851,3.2022,-22.367,42.61451,-0.002269,23.022742
1116.301633,-7.0417,3.1991,-22.524,42.629571,-0.002272,23.052747
1117.300107,-7.0178,3.2003,-22.458,42.639355,-0.00227,23.033368
1118.300776,-7.0351,3.1979,-22.496,42.657113,-0.00227,23.031573
1119.300435,-7.0135,3.1989,-22.435,42.65946,-0.002271,23.059516
1120.300187,-7.0497,3.1982,-22.544,42.662968,-0.002271,23.029962
1121.304395,-7.0276,3.1961,-22.459,42.679423,-0.002271,23.046716
1122.30005,-7.0038,3.1978,-22.394,42.678378,-0.00227,23.051804
1123.304701,-6.9671,3.1979,-22.278,42.706753,-0.002271,23.055613
1124.30254,-6.9811,3.1963,-22.312,42.712492,-0.002269,23.052465
1125.304362,-7.0558,3.1936,-22.528,42.724042,-0.002269,23.033465
1126.304132,-6.9828,3.1965,-22.318,42.718791,-0.002268,23.054619
1127.305989,-6.9864,3.1951,-22.32,42.733548,-0.002271,23.055922
1128.301696,-6.9899,3.1942,-22.325,42.752742,-0.002266,23.061268
1129.305993,-7.0216,3.1922,-22.412,42.74282,-0.002268,23.041228
1130.303534,-7.0342,3.1922,-22.453,42.780815,-0.002265,23.019816
1131.305094,-7.0708,3.1886,-22.543,42.77798,-0.00227,23.031599
1132.308503,-7.0059,3.1917,-22.358,42.813023,-0.002267,23.028478
1133.303958,-6.9206,3.1913,-22.083,42.834539,-0.002264,23.034771
1134.306318,-7.0093,3.1891,-22.352,42.851411,-0.002264,23.033496
1135.305237,-6.981,3.191,-22.275,42.864819,-0.002264,23.052354
1136.306739,-7.0275,3.1877,-22.4,42.900901,-0.002265,23.032784
1137.30813,-7.0123,3.1869,-22.345,42.942934,-0.002262,23.036312
1138.306627,-7.0228,3.1877,-22.385,42.944025,-0.00226,23.046887
1139.306102,-6.9719,3.1916,-22.251,42.98285,-0.002263,23.057086
1140.307561,-6.9915,3.1874,-22.284,43.002274,-0.002263,23.02434
1141.310251,-6.9875,3.1867,-22.266,43.006759,-0.002262,23.04689
1142.311202,-7.0033,3.1842,-22.299,42.998768,-0.002265,23.040644
1143.30891,-7.0875,3.1819,-22.549,43.012009,-0.002263,23.020057
1144.310619,-7.0278,3.183,-22.365,43.025718,-0.002262,23.052002
1145.311282,-6.993,3.1828,-22.255,43.032154,-0.002262,23.025431
1146.313795,-6.9806,3.1844,-22.228,43.045421,-0.002257,23.045095
1147.314786,-7.0552,3.1836,-22.46,43.069816,-0.002259,23.016466
1148.312057,-6.9575,3.1817,-22.135,43.08048,-0.00226,23.033479
1149.317445,-6.9105,3.1825,-21.989,43.07553,-0.00226,23.038376
1150.31203,-7.0278,3.1797,-22.343,43.091492,-0.002259,23.059838
1151.312446,-7.0146,3.1781,-22.291,43.098089,-0.00226,23.042423
1152.316162,-6.9936,3.1805,-22.241,43.136468,-0.00226,23.059744
1153.312206,-6.9311,3.1804,-22.042,43.152729,-0.002261,23.056432
1154.312104,-7.0095,3.1764,-22.264,43.174239,-0.002257,23.0561
1155.312425,-6.9446,3.1777,-22.066,43.170895,-0.002258,23.045122
1156.314188,-7.0207,3.1755,-22.291,43.181676,-0.002256,23.058942
1157.31249,-7.0005,3.1772,-22.24,43.179376,-0.002257,23.029153
1158.315504,-6.9879,3.1747,-22.183,43.209436,-0.002258,23.05078
1159.314437,-7.0253,3.1742,-22.297,43.203607,-0.002257,23.028753
1160.316491,-6.975,3.173,-22.13,43.202678,-0.002254,23.053834
1161.314797,-6.9985,3.1712,-22.19,43.216313,-0.002254,23.053525
1162.315317,-6.9982,3.1722,-22.198,43.237845,-0.002255,23.064101
1163.317141,-7.0392,3.1715,-22.323,43.251805,-0.002256,23.049928
1164.314487,-7.0064,3.1706,-22.213,43.246276,-0.002255,23.042876
1165.31618,-6.98,3.1707,-22.129,43.264958,-0.002253,23.0302
1166.315215,-7.0015,3.1686,-22.184,43.299727,-0.002254,23.061832
1167.32237,-6.9731,3.1698,-22.101,43.318608,-0.002251,23.040369
1168.315483,-7.0594,3.1671,-22.357,43.350829,-0.002251,23.042433
1169.314783,-6.92,3.1707,-21.94,43.368643,-0.002253,23.054428
1170.315105,-6.9548,3.1683,-22.033,43.390429,-0.002252,23.044917
1171.315481,-6.9636,3.1678,-22.058,43.379699,-0.00225,23.051495
1172.315718,-6.963,3.1672,-22.052,43.416161,-0.002247,23.076337
1173.321752,-7.0115,3.1659,-22.195,43.380025,-0.002251,23.057033
1174.320484,-7.028,3.1633,-22.23,43.409754,-0.002249,23.061765
1175.315729,-6.9653,3.165,-22.043,43.415374,-0.002246,23.059919
1176.317734,-6.9396,3.1638,-21.953,43.413957,-0.002248,23.050904
1177.316047,-6.997,3.1644,-22.14,43.440272,-0.002246,23.051686
1178.321284,-6.9894,3.1627,-22.104,43.465398,-0.002248,23.052203
1179.31997,-6.8709,3.1664,-21.753,43.454556,-0.002247,23.06056
1180.320345,-6.9984,3.16,-22.114,43.485466,-0.002249,23.06839
1181.320182,-7.0228,3.1588,-22.181,43.513034,-0.002248,23.058147
1182.320535,-7.0229,3.1574,-22.172,43.513733,-0.002248,23.060751
1183.321579,-6.961,3.1592,-21.989,43.497592,-0.002246,23.069386
1184.319212,-6.966,3.1594,-22.007,43.537466,-0.002245,23.045655
1185.32131,-7.0101,3.1574,-22.132,43.52574,-0.002247,23.07535
1186.320844,-7.0635,3.1544,-22.28,43.542576,-0.002245,23.056066
1187.321959,-6.9985,3.1551,-22.077,43.548103,-0.002243,23.05318
1188.32063,-7.0178,3.155,-22.139,43.598309,-0.002246,23.058432
1189.323986,-6.9928,3.1532,-22.049,43.594037,-0.002243,23.068749
1190.322845,-6.9876,3.1539,-22.036,43.6027,-0.002245,23.066692
1191.326145,-6.9833,3.1515,-22.007,43.632911,-0.002246,23.052045
1192.323761,-7.0775,3.1482,-22.281,43.640015,-0.002244,23.054079
1193.326015,-7.0241,3.1495,-22.12,43.663562,-0.002244,23.047313
1194.331182,-7.0327,3.1495,-22.148,43.667788,-0.002241,23.065342
1195.327443,-6.9989,3.1505,-22.048,43.658526,-0.002239,23.064423
1196.327876,-7.017,3.1476,-22.085,43.654646,-0.002239,23.054791
1197.325941,-6.9868,3.1476,-21.99,43.659985,-0.002241,23.058811
1198.327731,-6.9405,3.1488,-21.85,43.656131,-0.002238,23.060563
1199.329677,-7.0685,3.1464,-22.236,43.681694,-0.002237,23.075726
1200.334018,-6.9998,3.1446,-22.01,43.690194,-0.00224,23.076344
1201.330956,-6.9905,3.1469,-21.994,43.692563,-0.002236,23.047525
1202.330142,-7.0254,3.1435,-22.083,43.743062,-0.002239,23.061127
1203.330401,-6.9967,3.1423,-21.984,43.766258,-0.002237,23.061577
1204.329928,-6.9818,3.1438,-21.948,43.79143,-0.002238,23.060728
1205.334258,-7.0101,3.1418,-22.024,43.791337,-0.002235,23.068678
1206.332541,-7.0077,3.14,-22.003,43.82182,-0.002238,23.057153
1207.335519,-6.938,3.1417,-21.796,43.844316,-0.002235,23.062097
1208.33159,-6.9678,3.1408,-21.882,43.846431,-0.002235,23.062832
1209.332754,-7.0189,3.1387,-22.028,43.8719,-0.002234,23.068913
1210.335138,-7.0124,3.1397,-22.012,43.875661,-0.002237,23.073219
1211.332153,-6.9749,3.1374,-21.88,43.903171,-0.002234,23.068131
1212.331635,-7.0465,3.135,-22.088,43.910508,-0.002235,23.087439
1213.333797,-7.0203,3.1361,-22.015,43.931521,-0.002236,23.081881
1214.335256,-6.9882,3.1339,-21.899,43.935999,-0.002236,23.071303
1215.336728,-7.0287,3.1315,-22.008,43.972567,-0.002241,23.07876
1216.334943,-6.9316,3.135,-21.728,43.990625,-0.002235,23.067826
1217.339646,-6.9628,3.1336,-21.817,43.97528,-0.002236,23.087677
1218.335461,-7.0697,3.1294,-22.122,43.998007,-0.002235,23.073457
1219.33622,-7.0237,3.13,-21.979,44.007316,-0.002235,23.063544
1220.34031,-7.035,3.1269,-21.995,44.01456,-0.002232,23.092221
1221.340303,-6.9731,3.1292,-21.817,44.002515,-0.002234,23.069061
1222.338181,-7.0387,3.1253,-21.996,44.020968,-0.002228,23.06894
1223.33821,-7.0177,3.1272,-21.943,44.007016,-0.00223,23.063711
1224.338908,-7.0112,3.1272,-21.923,44.028887,-0.002232,23.066601
1225.338907,-6.9869,3.126,-21.839,44.02513,-0.002231,23.071763
1226.341365,-6.9893,3.1245,-21.836,44.049713,-0.00223,23.092087
1227.340828,-7.025,3.1238,-21.943,44.064197,-0.00223,23.07278
1228.34485,-7.016,3.1222,-21.903,44.092659,-0.002228,23.077656
1229.339646,-6.9534,3.1221,-21.708,44.07989,-0.002226,23.075052
1230.340641,-7.0155,3.1202,-21.886,44.095283,-0.002227,23.060929
1231.342899,-7.0284,3.1169,-21.905,44.119423,-0.002229,23.08175
1232.338674,-6.9682,3.1202,-21.738,44.110162,-0.002224,23.103541
1233.339854,-6.9532,3.1191,-21.684,44.145628,-0.002224,23.086221
1234.341139,-6.9438,3.1173,-21.644,44.118426,-0.002223,23.069377
1235.339092,-7.0081,3.1146,-21.826,44.134536,-0.00222,23.091476
1236.337936,-7.0128,3.1141,-21.837,44.151018,-0.002221,23.048653
1237.34394,-7.0421,3.1123,-21.915,44.172395,-0.002223,23.073283
1238.341224,-7.0412,3.1124,-21.913,44.194888,-0.002222,23.080596
1239.341954,-6.9585,3.1118,-21.651,44.208627,-0.002221,23.08419
1240.342621,-6.9902,3.1113,-21.746,44.216772,-0.002219,23.063154
1241.346267,-6.975,3.1099,-21.686,44.240331,-0.002217,23.068715
1242.347296,-6.9904,3.1102,-21.74,44.280205,-0.002217,23.089016
1243.348307,-7.0132,3.109,-21.801,44.312769,-0.002217,23.073948
1244.348705,-6.9363,3.1087,-21.561,44.3085,-0.002217,23.075747
1245.348726,-7.015,3.1056,-21.784,44.317944,-0.002215,23.078277
1246.349282,-7.011,3.1048,-21.764,44.290904,-0.002214,23.086674
1247.351172,-6.9911,3.1048,-21.704,44.291974,-0.002215,23.076408
1248.350111,-7.0313,3.1034,-21.819,44.285268,-0.002214,23.07525
1249.351947,-7.0342,3.1018,-21.815,44.295687,-0.002216,23.092023
1250.350813,-6.992,3.1018,-21.687,44.289212,-0.002214,23.090154
1251.34811,-6.9819,3.0994,-21.638,44.307058,-0.002214,23.108347
1252.355046,-6.9746,3.1002,-21.619,44.328083,-0.002214,23.096185
1253.35134,-7.0238,3.0979,-21.757,44.361345,-0.002215,23.081355
1254.350873,-6.9707,3.0991,-21.601,44.389078,-0.002212,23.101585
1255.351015,-6.9689,3.0968,-21.578,44.401725,-0.002214,23.093185
1256.350665,-7.0017,3.095,-21.667,44.434724,-0.002209,23.084714
1257.350133,-7.0204,3.0932,-21.713,44.455007,-0.002212,23.085046
1258.355064,-6.9863,3.0922,-21.602,44.472459,-0.002212,23.089117
1259.352406,-7.0455,3.0919,-21.782,44.499239,-0.00221,23.096547
1260.35437,-7.009,3.091,-21.663,44.498867,-0.002209,23.086704
1261.352948,-6.9809,3.09,-21.569,44.46239,-0.002208,23.085476
1262.350682,-7.0211,3.0887,-21.682,44.473598,-0.002208,23.085073
1263.352591,-7.0192,3.0883,-21.675,44.472719,-0.00221,23.084177
1264.350223,-7.0079,3.0866,-21.629,44.50439,-0.002209,23.098014
1265.351003,-6.9664,3.0864,-21.5,44.516341,-0.002208,23.097896
1266.353107,-6.996,3.0852,-21.582,44.55354,-0.002209,23.089926
1267.35322,-6.9691,3.084,-21.491,44.571156,-0.002208,23.091326
1268.356086,-7.0229,3.0813,-21.638,44.594961,-0.002206,23.07727
1269.355014,-6.9779,3.0826,-21.507,44.613665,-0.002205,23.088772
1270.356681,-6.9668,3.0801,-21.457,44.615149,-0.002206,23.091232
1271.355726,-7.0061,3.0776,-21.56,44.624849,-0.002206,23.082667
1272.355397,-6.9888,3.0788,-21.516,44.655383,-0.002208,23.079734
1273.359791,-6.9248,3.0783,-21.315,44.671417,-0.002205,23.078576
1274.357315,-6.9897,3.0761,-21.498,44.682232,-0.002201,23.078247
1275.357019,-7.013,3.0757,-21.566,44.707217,-0.002202,23.079593
1276.356948,-7.0297,3.0729,-21.599,44.706684,-0.002201,23.102236
1277.357325,-6.9918,3.0735,-21.487,44.740326,-0.002199,23.108626
1278.358881,-7.0239,3.0696,-21.559,44.762437,-0.002199,23.088114
1279.357518,-7.0279,3.0676,-21.556,44.768937,-0.0022,23.088591
1280.358894,-7.0119,3.0684,-21.513,44.780675,-0.002201,23.111918
1281.358141,-7.0183,3.066,-21.513,44.784578,-0.002197,23.087033
1282.357479,-7.0312,3.0637,-21.54,44.806662,-0.002197,23.117127
1283.358487,-6.9909,3.0642,-21.418,44.776364,-0.002196,23.107049
1284.356298,-7.0405,3.0627,-21.562,44.801723,-0.002192,23.105465
1285.357588,-6.9795,3.0625,-21.373,44.791051,-0.002194,23.093162
1286.358975,-7.0702,3.0583,-21.622,44.825247,-0.002191,23.095387
1287.359498,-7.0516,3.0598,-21.574,44.842602,-0.002192,23.098417
1288.359616,-6.9952,3.0583,-21.391,44.82119,-0.002189,23.088883
1289.358206,-7.0087,3.0565,-21.421,44.824836,-0.00219,23.10727
1290.359422,-7.0441,3.0529,-21.504,44.869308,-0.002189,23.113351
1291.365359,-6.9824,3.0547,-21.327,44.861954,-0.002191,23.08645
1292.361721,-7.0217,3.0499,-21.414,44.891555,-0.00219,23.08399
1293.36344,-6.9896,3.0517,-21.329,44.923545,-0.002186,23.099109
1294.365757,-6.9621,3.0525,-21.25,44.962239,-0.002187,23.103559
1295.362266,-7.0182,3.0493,-21.399,44.959525,-0.002185,23.104576
1296.364491,-6.9595,3.0486,-21.214,44.997336,-0.002187,23.09677
1297.363383,-6.982,3.0459,-21.265,45.015593,-0.002183,23.113972
1298.366338,-7.0289,3.0436,-21.391,45.040667,-0.002183,23.105952
1299.363782,-6.9725,3.0429,-21.215,45.028796,-0.002182,23.105673
1300.366495,-7.0724,3.0417,-21.509,45.04067,-0.002181,23.107848
1301.36569,-6.9338,3.043,-21.097,45.046935,-0.00218,23.093417
1302.36677,-7.0163,3.0385,-21.316,45.047004,-0.002181,23.114308
1303.366394,-7.0031,3.0375,-21.269,45.049254,-0.002181,23.116604
1304.365949,-7.065,3.0358,-21.446,45.044668,-0.002176,23.09631
1305.371245,-7.0159,3.0341,-21.285,45.065958,-0.002177,23.095314
1306.367242,-6.9512,3.0338,-21.088,45.095067,-0.002175,23.108446
1307.368063,-6.9785,3.0327,-21.163,45.102884,-0.002175,23.116893
1308.370853,-6.9417,3.0319,-21.045,45.13953,-0.002174,23.121151
1309.369255,-7.0171,3.0288,-21.251,45.163608,-0.002175,23.109751
1310.370801,-6.9965,3.0299,-21.196,45.165904,-0.002173,23.115879
1311.370574,-7.0479,3.0253,-21.32,45.192528,-0.002174,23.110389
1312.372944,-6.9935,3.0245,-21.15,45.205937,-0.002175,23.102301
1313.368012,-7.01,3.0229,-21.189,45.208068,-0.002171,23.101636
1314.369203,-7.0052,3.022,-21.168,45.236247,-0.002171,23.109563
1315.375751,-7.0468,3.0197,-21.277,45.223099,-0.00217,23.111292
1316.369308,-7.0423,3.0165,-21.242,45.251047,-0.002168,23.118984
1317.368051,-6.9609,3.019,-21.012,45.266004,-0.002167,23.095915
1318.369394,-7.0055,3.0167,-21.132,45.300767,-0.002166,23.114346
1319.368899,-6.9649,3.0152,-20.999,45.347729,-0.002163,23.11352
1320.37081,-7.0287,3.0126,-21.173,45.348403,-0.002161,23.105218
1321.373003,-7.01,3.0119,-21.111,45.360715,-0.002158,23.108788
1322.368935,-7.0062,3.0101,-21.088,45.385391,-0.002157,23.124028
1323.369777,-7.0217,3.008,-21.119,45.376651,-0.002157,23.111799
1324.368178,-7.0113,3.0057,-21.072,45.379296,-0.002154,23.122068
1325.371713,-7.0382,3.0041,-21.141,45.414799,-0.002154,23.106241
1326.37002,-7.0092,3.0041,-21.053,45.437221,-0.002154,23.117289
1327.369015,-6.9993,3.0031,-21.018,45.496024,-0.002153,23.117195
1328.36845,-6.9595,3.0026,-20.896,45.534399,-0.002152,23.115185
1329.37052,-7.0165,2.9993,-21.041,45.564751,-0.002151,23.104043
1330.369569,-7.0328,2.9954,-21.063,45.555983,-0.00215,23.136737
1331.369477,-6.9198,3.0004,-20.761,45.585177,-0.002149,23.109272
1332.370682,-7.0438,2.9949,-21.092,45.604725,-0.00215,23.120229
1333.370598,-7.0617,2.9911,-21.12,45.580589,-0.002151,23.10743
1334.370747,-6.9682,2.9921,-20.849,45.593086,-0.002149,23.109772
1335.370301,-7.0151,2.9883,-20.961,45.608296,-0.002148,23.127659
1336.374961,-6.991,2.9873,-20.883,45.619842,-0.002147,23.122407
1337.37082,-7.0243,2.9865,-20.976,45.626334,-0.002147,23.135183
1338.372574,-7.0165,2.9844,-20.938,45.631944,-0.002146,23.105419
1339.370027,-6.9764,2.9833,-20.811,45.643609,-0.002144,23.121582
1340.370774,-7.0339,2.9789,-20.952,45.675859,-0.002148,23.125156
1341.374256,-7.0391,2.9782,-20.962,45.705488,-0.002144,23.144983
1342.375863,-6.9632,2.9775,-20.731,45.732866,-0.002144,23.126552
1343.371519,-7.0359,2.9739,-20.922,45.77638,-0.002144,23.117964
1344.372383,-6.9801,2.9747,-20.763,45.770444,-0.002145,23.10055
1345.372691,-7.0298,2.9716,-20.888,45.778234,-0.002143,23.12033
1346.37306,-7.0129,2.97,-20.825,45.764398,-0.002143,23.119931
1347.372769,-6.9867,2.9678,-20.733,45.789411,-0.002139,23.120381
1348.375912,-7.0165,2.9651,-20.802,45.813266,-0.002141,23.131952
1349.374388,-6.9888,2.9651,-20.719,45.814726,-0.002139,23.125398
1350.374008,-7.0458,2.9616,-20.865,45.845834,-0.002141,23.111722
1351.376238,-6.9899,2.9621,-20.703,45.886007,-0.00214,23.112504
1352.375235,-6.9723,2.9591,-20.63,45.920592,-0.00214,23.125566
1353.375513,-7.0057,2.9573,-20.715,45.948525,-0.002139,23.137516
1354.377109,-6.9666,2.9562,-20.594,45.986928,-0.002138,23.13413
1355.378589,-6.9811,2.9556,-20.631,45.979189,-0.002137,23.12623
1356.376802,-6.9632,2.953,-20.559,45.998008,-0.002137,23.110424
1357.376462,-6.9889,2.95,-20.615,45.986725,-0.002135,23.12919
1358.375515,-7.0327,2.9474,-20.726,45.981277,-0.002135,23.129781
1359.379357,-6.9276,2.9472,-20.414,46.002578,-0.002136,23.134489
1360.377972,-6.9773,2.9459,-20.551,46.020584,-0.002135,23.121639
1361.374964,-7.0549,2.9416,-20.752,46.017135,-0.002132,23.137047
1362.379441,-7.0147,2.9413,-20.631,46.04337,-0.002134,23.124553
1363.379018,-7.086,2.9373,-20.812,46.057812,-0.002132,23.129832
1364.377302,-7.0197,2.9372,-20.615,46.107195,-0.002131,23.138604
1365.378692,-6.9532,2.9352,-20.407,46.106222,-0.002129,23.123415
1366.377,-6.9591,2.9333,-20.411,46.122958,-0.002129,23.12867
1367.381703,-7.0195,2.9299,-20.565,46.147221,-0.002131,23.133093
1368.376896,-7.0049,2.9294,-20.519,46.167175,-0.002135,23.130278
1369.379038,-7.0083,2.9275,-20.514,46.140407,-0.00213,23.122351
1370.378238,-7.0264,2.9235,-20.539,46.141728,-0.002131,23.142154
1371.380426,-6.973,2.9239,-20.386,46.154358,-0.002131,23.138486
1372.377747,-6.9835,2.9206,-20.393,46.177349,-0.002132,23.142084
1373.382481,-6.9661,2.9203,-20.342,46.257021,-0.002129,23.126422
1374.380229,-7.0872,2.9143,-20.651,46.283553,-0.002128,23.129851
1375.380196,-6.9957,2.9151,-20.391,46.299448,-0.002128,23.132358
1376.381671,-6.9424,2.9157,-20.24,46.343988,-0.002126,23.121999
1377.379501,-6.9684,2.912,-20.291,46.38356,-0.002129,23.143949
1378.382709,-6.9834,2.9101,-20.319,46.386922,-0.002128,23.132241
1379.379981,-7.0183,2.9068,-20.4,46.362265,-0.002128,23.116055
1380.383314,-7.0347,2.9047,-20.432,46.383836,-0.002127,23.151802
1381.381144,-7.0328,2.9013,-20.4,46.366295,-0.002127,23.136258
1382.382516,-6.9989,2.9013,-20.304,46.352579,-0.002126,23.152064
1383.385289,-7.0354,2.8984,-20.39,46.370186,-0.002125,23.157265
1384.384665,-6.9903,2.8959,-20.242,46.360757,-0.002123,23.146218
1385.38895,-7.0198,2.8945,-20.316,46.379087,-0.002124,23.139855
1386.385856,-6.9878,2.8939,-20.221,46.38497,-0.002123,23.127408
1387.385611,-6.9843,2.8919,-20.195,46.401814,-0.002124,23.144134
1388.387083,-7.0367,2.8881,-20.322,46.449919,-0.002124,23.147356
1389.385219,-6.9987,2.8868,-20.2,46.503366,-0.002125,23.150355
1390.384104,-6.9616,2.8851,-20.083,46.555382,-0.002123,23.136754
1391.385106,-7.0131,2.8815,-20.205,46.57922,-0.002123,23.139805
1392.385801,-7.0106,2.8803,-20.191,46.595483,-0.002121,23.136539
1393.388832,-7.0083,2.8781,-20.167,46.57734,-0.002123,23.133153
1394.38714,-7.0162,2.8753,-20.17,46.566522,-0.002121,23.163745
1395.387197,-7.0448,2.8728,-20.237,46.571872,-0.002119,23.142711
1396.386775,-7.0155,2.8715,-20.142,46.589479,-0.002121,23.150755
1397.386664,-6.9615,2.8706,-19.979,46.596291,-0.002122,23.150141
1398.386697,-7.0158,2.8668,-20.11,46.600902,-0.002122,23.139234
1399.389855,-7.0333,2.8647,-20.147,46.610977,-0.002119,23.123971
1400.388942,-7.0348,2.8633,-20.141,46.641833,-0.002119,23.156429
1401.391015,-6.9628,2.8622,-19.927,46.699748,-0.00212,23.160215
1402.388188,-6.9866,2.859,-19.974,46.73994,-0.002122,23.12035
1403.388586,-7.0162,2.8555,-20.033,46.785158,-0.002119,23.144768
1404.391821,-7.0033,2.8537,-19.984,46.822913,-0.002117,23.138851
1405.390087,-7.0134,2.8524,-20.004,46.845376,-0.002124,23.149493
1406.390073,-7.0225,2.8497,-20.008,46.854224,-0.002117,23.152379
1407.390752,-6.9693,2.8488,-19.853,46.868795,-0.002118,23.146442
1408.392395,-7.0295,2.8463,-20.005,46.899438,-0.002117,23.145566
1409.390486,-6.9864,2.8449,-19.874,46.91347,-0.002115,23.163684
1410.39242,-7.0178,2.8407,-19.931,46.952499,-0.002119,23.167117
1411.393294,-6.9269,2.841,-19.677,46.985943,-0.002115,23.146392
1412.399795,-7.0318,2.8341,-19.928,46.997335,-0.002117,23.159922
1413.393578,-6.988,2.8352,-19.811,47.046829,-0.002119,23.148969
1414.394256,-6.9851,2.8308,-19.771,47.04488,-0.002116,23.156915
1415.396882,-7.0066,2.8293,-19.821,47.02925,-0.002116,23.17549
1416.393534,-6.9866,2.827,-19.75,47.023574,-0.002115,23.157389
1417.394912,-6.9539,2.8255,-19.646,46.990617,-0.002115,23.167255
1418.393595,-7.0052,2.8227,-19.772,46.99066,-0.002115,23.159254
1419.395471,-6.9677,2.8208,-19.652,46.996846,-0.002116,23.157056
1420.397278,-6.9586,2.8178,-19.606,47.022506,-0.002114,23.168127
1421.39924,-7.0223,2.815,-19.766,47.013265,-0.002117,23.163892
1422.395498,-6.9633,2.8152,-19.601,47.038783,-0.002113,23.16015
1423.395761,-7.0239,2.8092,-19.731,47.067665,-0.002118,23.16363
1424.39663,-7.0054,2.8056,-19.653,47.10078,-0.002112,23.151089
1425.394736,-7.0744,2.8029,-19.827,47.159579,-0.002111,23.160056
1426.400829,-7.0283,2.8033,-19.7,47.180903,-0.002114,23.150613
1427.39698,-7.0032,2.7997,-19.605,47.20853,-0.002113,23.156126
1428.396846,-6.9891,2.7987,-19.559,47.246438,-0.002112,23.180188
1429.397738,-7.0212,2.7943,-19.618,47.264243,-0.002114,23.160999
1430.399935,-7.0235,2.7921,-19.607,47.263501,-0.002117,23.155982
1431.402025,-6.9584,2.791,-19.419,47.282537,-0.002115,23.17212
1432.399267,-6.9831,2.7885,-19.47,47.295665,-0.002117,23.159036
1433.403362,-6.9993,2.7841,-19.485,47.293928,-0.002111,23.166251
1434.399362,-6.9385,2.7826,-19.306,47.286058,-0.002112,23.169567
1435.3994,-6.9875,2.7797,-19.422,47.319008,-0.002112,23.169637
1436.400771,-7.0894,2.7749,-19.67,47.347693,-0.002112,23.155415
1437.400218,-7.0536,2.7729,-19.558,47.389462,-0.002113,23.184372
1438.400545,-6.9998,2.7713,-19.397,47.432645,-0.002114,23.178815
1439.402323,-6.9984,2.7699,-19.384,47.483465,-0.002112,23.182956
1440.401749,-6.9794,2.7662,-19.304,47.551117,-0.002114,23.176382
1441.402243,-7.0002,2.7636,-19.343,47.579032,-0.002115,23.171788
1442.407729,-6.9774,2.761,-19.262,47.597184,-0.002112,23.162422
1443.403735,-6.9894,2.757,-19.268,47.598317,-0.002114,23.164999
1444.406368,-6.9485,2.7545,-19.137,47.634572,-0.002113,23.182651
1445.40324,-7.0216,2.7497,-19.305,47.64325,-0.002114,23.166915
1446.404501,-6.9932,2.7498,-19.227,47.650983,-0.002113,23.18854
1447.408232,-6.9911,2.7463,-19.198,47.662003,-0.002112,23.182295
1448.406159,-7.0831,2.7404,-19.408,47.684088,-0.002111,23.18452
1449.405458,-7.0661,2.7381,-19.347,47.680545,-0.002113,23.193201
1450.405122,-7.0168,2.7353,-19.189,47.699182,-0.00211,23.180074
1451.404259,-7.0515,2.7336,-19.275,47.690684,-0.002113,23.178486
1452.405034,-6.993,2.7312,-19.097,47.687447,-0.002111,23.17707
1453.404492,-6.9872,2.7297,-19.07,47.719503,-0.002114,23.177657
1454.404966,-6.999,2.7249,-19.069,47.733234,-0.002113,23.171818
1455.405893,-7.112,2.7197,-19.335,47.759806,-0.002113,23.169167
1456.404236,-7.0495,2.7184,-19.161,47.793371,-0.002111,23.185493
1457.40701,-6.9185,2.7176,-18.8,47.811566,-0.002114,23.179013
1458.406297,-7.0444,2.7129,-19.109,47.843573,-0.002109,23.200846
1459.408934,-7.0286,2.7086,-19.036,47.865051,-0.002111,23.177849
1460.40578,-6.9844,2.7062,-18.899,47.894658,-0.002112,23.184926
1461.409757,-6.9864,2.7028,-18.88,47.930136,-0.00211,23.180973
1462.412475,-7.0107,2.6999,-18.926,47.966149,-0.002108,23.195547
1463.40861,-6.9972,2.6963,-18.865,47.995822,-0.002109,23.17951
1464.411622,-6.8943,2.6964,-18.586,47.994525,-0.002108,23.18197
1465.409565,-6.9932,2.6903,-18.811,48.02662,-0.002109,23.19396
1466.409267,-7.0274,2.6867,-18.878,48.041921,-0.002112,23.208654
1467.411861,-6.9844,2.6839,-18.744,48.051457,-0.002108,23.18954
1468.409995,-6.9364,2.6822,-18.603,48.085776,-0.002108,23.176362
1469.411549,-6.9967,2.676,-18.721,48.117619,-0.002108,23.195668
1470.410202,-7.0532,2.671,-18.837,48.14467,-0.002109,23.195406
1471.409204,-7.0206,2.6691,-18.736,48.175284,-0.002108,23.201627
1472.413869,-7.0697,2.6648,-18.838,48.204647,-0.002109,23.193795
1473.409835,-7.0753,2.6594,-18.813,48.231168,-0.002111,23.182584
1474.408925,-7.0319,2.6573,-18.685,48.270596,-0.00211,23.202077
1475.411523,-6.9593,2.6554,-18.478,48.309216,-0.002108,23.192356
1476.410183,-7.081,2.6481,-18.749,48.344221,-0.00211,23.199285
1477.415311,-6.9774,2.6471,-18.467,48.369902,-0.00211,23.197154
1478.411527,-6.9993,2.6433,-18.499,48.370804,-0.002108,23.184829
1479.4119,-7.0156,2.6381,-18.506,48.376961,-0.00211,23.220459
1480.413395,-7.005,2.6379,-18.476,48.373443,-0.002109,23.210711
1481.41457,-7.0576,2.631,-18.565,48.361274,-0.002112,23.202527
1482.414943,-7.069,2.6272,-18.568,48.361963,-0.002109,23.216953
1483.415863,-7.0306,2.6224,-18.436,48.382419,-0.002108,23.207587
1484.414787,-6.9974,2.6192,-18.326,48.384801,-0.002109,23.212389
1485.416369,-7.0288,2.6139,-18.371,48.397505,-0.002109,23.184688
1486.416618,-7.0472,2.6083,-18.379,48.445579,-0.002108,23.209714
1487.418846,-7.0279,2.6066,-18.317,48.481487,-0.00211,23.204322
1488.41789,-6.8998,2.6059,-17.979,48.517994,-0.002107,23.223201
1489.416716,-7.1158,2.5931,-18.446,48.554176,-0.002106,23.198691
1490.418037,-6.9209,2.5964,-17.967,48.594497,-0.00211,23.195449
1491.419048,-7.0039,2.588,-18.124,48.601667,-0.002106,23.209406
1492.421345,-7.0076,2.5834,-18.103,48.626513,-0.002104,23.200748
1493.421536,-7.0172,2.5806,-18.105,48.649179,-0.002103,23.190335
1494.422198,-6.9549,2.5746,-17.903,48.679113,-0.002103,23.20912
1495.42001,-7.0246,2.5703,-18.052,48.702455,-0.002105,23.218798
1496.420455,-6.97,2.5654,-17.88,48.752369,-0.002104,23.210704
1497.420883,-6.9962,2.5572,-17.889,48.813571,-0.002103,23.200909
1498.425845,-7.0243,2.5538,-17.936,48.819007,-0.002102,23.219244
1499.421464,-6.9593,2.5495,-17.741,48.843731,-0.002103,23.208573
1500.423357,-6.9913,2.5439,-17.784,48.852291,-0.002105,23.226791
1501.424745,-7.0192,2.5391,-17.82,48.863642,-0.002101,23.209066
1502.431286,-7.0205,2.5322,-17.777,48.866719,-0.002102,23.217892
1503.426105,-6.9476,2.5278,-17.56,48.872247,-0.002104,23.210771
1504.42575,-6.963,2.5229,-17.563,48.892948,-0.002103,23.214912
1505.421726,-7.0541,2.5149,-17.738,48.931777,-0.002104,23.205422
1506.42378,-6.993,2.5107,-17.555,48.966928,-0.002101,23.235227
1507.426353,-7.0222,2.5044,-17.584,48.999283,-0.002101,23.236623
1508.428305,-6.8949,2.5002,-17.236,49.021064,-0.002102,23.217741
1509.424694,-7.0625,2.4902,-17.587,49.050298,-0.002101,23.219731
